week,customer_state,product_group,demand
2017-01-02,SP,home,2
2017-01-02,SP,beauty_health,0
2017-01-02,SP,tech,1
2017-01-02,SP,other,1
2017-01-02,RJ,home,1
2017-01-02,RJ,beauty_health,0
2017-01-02,RJ,tech,2
2017-01-02,RJ,other,0
2017-01-02,MG,home,0
2017-01-02,MG,beauty_health,1
2017-01-02,MG,tech,1
2017-01-02,MG,other,1
2017-01-02,RS,home,0
2017-01-02,RS,beauty_health,0
2017-01-02,RS,tech,0
2017-01-02,RS,other,0
2017-01-02,PR,home,7
2017-01-02,PR,beauty_health,2
2017-01-02,PR,tech,0
2017-01-02,PR,other,22
2017-01-02,SC,home,1
2017-01-02,SC,beauty_health,0
2017-01-02,SC,tech,0
2017-01-02,SC,other,0
2017-01-02,BA,home,1
2017-01-02,BA,beauty_health,0
2017-01-02,BA,tech,0
2017-01-02,BA,other,0
2017-01-02,DF,home,0
2017-01-02,DF,beauty_health,0
2017-01-02,DF,tech,0
2017-01-02,DF,other,0
2017-01-09,SP,home,14
2017-01-09,SP,beauty_health,2
2017-01-09,SP,tech,3
2017-01-09,SP,other,2
2017-01-09,RJ,home,6
2017-01-09,RJ,beauty_health,1
2017-01-09,RJ,tech,2
2017-01-09,RJ,other,1
2017-01-09,MG,home,7
2017-01-09,MG,beauty_health,1
2017-01-09,MG,tech,4
2017-01-09,MG,other,2
2017-01-09,RS,home,6
2017-01-09,RS,beauty_health,0
2017-01-09,RS,tech,1
2017-01-09,RS,other,0
2017-01-09,PR,home,1
2017-01-09,PR,beauty_health,0
2017-01-09,PR,tech,1
2017-01-09,PR,other,1
2017-01-09,SC,home,1
2017-01-09,SC,beauty_health,0
2017-01-09,SC,tech,0
2017-01-09,SC,other,4
2017-01-09,BA,home,0
2017-01-09,BA,beauty_health,1
2017-01-09,BA,tech,0
2017-01-09,BA,other,0
2017-01-09,DF,home,1
2017-01-09,DF,beauty_health,0
2017-01-09,DF,tech,0
2017-01-09,DF,other,4
2017-01-16,SP,home,49
2017-01-16,SP,beauty_health,10
2017-01-16,SP,tech,16
2017-01-16,SP,other,28
2017-01-16,RJ,home,13
2017-01-16,RJ,beauty_health,4
2017-01-16,RJ,tech,3
2017-01-16,RJ,other,8
2017-01-16,MG,home,11
2017-01-16,MG,beauty_health,9
2017-01-16,MG,tech,6
2017-01-16,MG,other,15
2017-01-16,RS,home,4
2017-01-16,RS,beauty_health,2
2017-01-16,RS,tech,2
2017-01-16,RS,other,4
2017-01-16,PR,home,1
2017-01-16,PR,beauty_health,0
2017-01-16,PR,tech,1
2017-01-16,PR,other,3
2017-01-16,SC,home,3
2017-01-16,SC,beauty_health,1
2017-01-16,SC,tech,0
2017-01-16,SC,other,3
2017-01-16,BA,home,0
2017-01-16,BA,beauty_health,0
2017-01-16,BA,tech,0
2017-01-16,BA,other,3
2017-01-16,DF,home,0
2017-01-16,DF,beauty_health,1
2017-01-16,DF,tech,1
2017-01-16,DF,other,2
2017-01-23,SP,home,53
2017-01-23,SP,beauty_health,32
2017-01-23,SP,tech,22
2017-01-23,SP,other,57
2017-01-23,RJ,home,15
2017-01-23,RJ,beauty_health,5
2017-01-23,RJ,tech,4
2017-01-23,RJ,other,16
2017-01-23,MG,home,12
2017-01-23,MG,beauty_health,10
2017-01-23,MG,tech,3
2017-01-23,MG,other,19
2017-01-23,RS,home,11
2017-01-23,RS,beauty_health,11
2017-01-23,RS,tech,5
2017-01-23,RS,other,11
2017-01-23,PR,home,5
2017-01-23,PR,beauty_health,6
2017-01-23,PR,tech,2
2017-01-23,PR,other,3
2017-01-23,SC,home,5
2017-01-23,SC,beauty_health,6
2017-01-23,SC,tech,1
2017-01-23,SC,other,2
2017-01-23,BA,home,9
2017-01-23,BA,beauty_health,5
2017-01-23,BA,tech,1
2017-01-23,BA,other,6
2017-01-23,DF,home,2
2017-01-23,DF,beauty_health,1
2017-01-23,DF,tech,0
2017-01-23,DF,other,3
2017-01-30,SP,home,53
2017-01-30,SP,beauty_health,27
2017-01-30,SP,tech,20
2017-01-30,SP,other,61
2017-01-30,RJ,home,30
2017-01-30,RJ,beauty_health,17
2017-01-30,RJ,tech,9
2017-01-30,RJ,other,26
2017-01-30,MG,home,18
2017-01-30,MG,beauty_health,15
2017-01-30,MG,tech,12
2017-01-30,MG,other,20
2017-01-30,RS,home,8
2017-01-30,RS,beauty_health,5
2017-01-30,RS,tech,5
2017-01-30,RS,other,8
2017-01-30,PR,home,13
2017-01-30,PR,beauty_health,7
2017-01-30,PR,tech,6
2017-01-30,PR,other,13
2017-01-30,SC,home,2
2017-01-30,SC,beauty_health,2
2017-01-30,SC,tech,0
2017-01-30,SC,other,14
2017-01-30,BA,home,5
2017-01-30,BA,beauty_health,4
2017-01-30,BA,tech,1
2017-01-30,BA,other,10
2017-01-30,DF,home,1
2017-01-30,DF,beauty_health,0
2017-01-30,DF,tech,0
2017-01-30,DF,other,2
2017-02-06,SP,home,65
2017-02-06,SP,beauty_health,31
2017-02-06,SP,tech,21
2017-02-06,SP,other,85
2017-02-06,RJ,home,26
2017-02-06,RJ,beauty_health,6
2017-02-06,RJ,tech,9
2017-02-06,RJ,other,43
2017-02-06,MG,home,26
2017-02-06,MG,beauty_health,7
2017-02-06,MG,tech,15
2017-02-06,MG,other,43
2017-02-06,RS,home,9
2017-02-06,RS,beauty_health,2
2017-02-06,RS,tech,4
2017-02-06,RS,other,7
2017-02-06,PR,home,14
2017-02-06,PR,beauty_health,5
2017-02-06,PR,tech,2
2017-02-06,PR,other,11
2017-02-06,SC,home,4
2017-02-06,SC,beauty_health,4
2017-02-06,SC,tech,3
2017-02-06,SC,other,10
2017-02-06,BA,home,2
2017-02-06,BA,beauty_health,1
2017-02-06,BA,tech,0
2017-02-06,BA,other,4
2017-02-06,DF,home,0
2017-02-06,DF,beauty_health,1
2017-02-06,DF,tech,1
2017-02-06,DF,other,5
2017-02-13,SP,home,65
2017-02-13,SP,beauty_health,12
2017-02-13,SP,tech,27
2017-02-13,SP,other,39
2017-02-13,RJ,home,26
2017-02-13,RJ,beauty_health,3
2017-02-13,RJ,tech,9
2017-02-13,RJ,other,13
2017-02-13,MG,home,28
2017-02-13,MG,beauty_health,7
2017-02-13,MG,tech,7
2017-02-13,MG,other,29
2017-02-13,RS,home,14
2017-02-13,RS,beauty_health,3
2017-02-13,RS,tech,4
2017-02-13,RS,other,6
2017-02-13,PR,home,12
2017-02-13,PR,beauty_health,8
2017-02-13,PR,tech,2
2017-02-13,PR,other,9
2017-02-13,SC,home,2
2017-02-13,SC,beauty_health,1
2017-02-13,SC,tech,3
2017-02-13,SC,other,4
2017-02-13,BA,home,8
2017-02-13,BA,beauty_health,1
2017-02-13,BA,tech,2
2017-02-13,BA,other,6
2017-02-13,DF,home,3
2017-02-13,DF,beauty_health,0
2017-02-13,DF,tech,1
2017-02-13,DF,other,3
2017-02-20,SP,home,76
2017-02-20,SP,beauty_health,20
2017-02-20,SP,tech,27
2017-02-20,SP,other,41
2017-02-20,RJ,home,25
2017-02-20,RJ,beauty_health,7
2017-02-20,RJ,tech,7
2017-02-20,RJ,other,12
2017-02-20,MG,home,19
2017-02-20,MG,beauty_health,4
2017-02-20,MG,tech,10
2017-02-20,MG,other,12
2017-02-20,RS,home,5
2017-02-20,RS,beauty_health,4
2017-02-20,RS,tech,9
2017-02-20,RS,other,15
2017-02-20,PR,home,4
2017-02-20,PR,beauty_health,2
2017-02-20,PR,tech,4
2017-02-20,PR,other,7
2017-02-20,SC,home,5
2017-02-20,SC,beauty_health,0
2017-02-20,SC,tech,3
2017-02-20,SC,other,4
2017-02-20,BA,home,5
2017-02-20,BA,beauty_health,2
2017-02-20,BA,tech,2
2017-02-20,BA,other,4
2017-02-20,DF,home,1
2017-02-20,DF,beauty_health,2
2017-02-20,DF,tech,1
2017-02-20,DF,other,1
2017-02-27,SP,home,80
2017-02-27,SP,beauty_health,15
2017-02-27,SP,tech,39
2017-02-27,SP,other,54
2017-02-27,RJ,home,25
2017-02-27,RJ,beauty_health,6
2017-02-27,RJ,tech,12
2017-02-27,RJ,other,17
2017-02-27,MG,home,33
2017-02-27,MG,beauty_health,9
2017-02-27,MG,tech,11
2017-02-27,MG,other,26
2017-02-27,RS,home,16
2017-02-27,RS,beauty_health,2
2017-02-27,RS,tech,2
2017-02-27,RS,other,9
2017-02-27,PR,home,8
2017-02-27,PR,beauty_health,3
2017-02-27,PR,tech,3
2017-02-27,PR,other,14
2017-02-27,SC,home,11
2017-02-27,SC,beauty_health,2
2017-02-27,SC,tech,3
2017-02-27,SC,other,6
2017-02-27,BA,home,7
2017-02-27,BA,beauty_health,3
2017-02-27,BA,tech,2
2017-02-27,BA,other,7
2017-02-27,DF,home,5
2017-02-27,DF,beauty_health,2
2017-02-27,DF,tech,1
2017-02-27,DF,other,3
2017-03-06,SP,home,92
2017-03-06,SP,beauty_health,20
2017-03-06,SP,tech,37
2017-03-06,SP,other,75
2017-03-06,RJ,home,29
2017-03-06,RJ,beauty_health,11
2017-03-06,RJ,tech,25
2017-03-06,RJ,other,31
2017-03-06,MG,home,39
2017-03-06,MG,beauty_health,21
2017-03-06,MG,tech,10
2017-03-06,MG,other,30
2017-03-06,RS,home,13
2017-03-06,RS,beauty_health,2
2017-03-06,RS,tech,3
2017-03-06,RS,other,9
2017-03-06,PR,home,12
2017-03-06,PR,beauty_health,3
2017-03-06,PR,tech,5
2017-03-06,PR,other,15
2017-03-06,SC,home,1
2017-03-06,SC,beauty_health,2
2017-03-06,SC,tech,7
2017-03-06,SC,other,7
2017-03-06,BA,home,13
2017-03-06,BA,beauty_health,4
2017-03-06,BA,tech,2
2017-03-06,BA,other,7
2017-03-06,DF,home,5
2017-03-06,DF,beauty_health,0
2017-03-06,DF,tech,3
2017-03-06,DF,other,2
2017-03-13,SP,home,96
2017-03-13,SP,beauty_health,38
2017-03-13,SP,tech,37
2017-03-13,SP,other,83
2017-03-13,RJ,home,39
2017-03-13,RJ,beauty_health,18
2017-03-13,RJ,tech,12
2017-03-13,RJ,other,26
2017-03-13,MG,home,31
2017-03-13,MG,beauty_health,8
2017-03-13,MG,tech,12
2017-03-13,MG,other,25
2017-03-13,RS,home,12
2017-03-13,RS,beauty_health,8
2017-03-13,RS,tech,5
2017-03-13,RS,other,14
2017-03-13,PR,home,12
2017-03-13,PR,beauty_health,2
2017-03-13,PR,tech,5
2017-03-13,PR,other,12
2017-03-13,SC,home,15
2017-03-13,SC,beauty_health,3
2017-03-13,SC,tech,4
2017-03-13,SC,other,11
2017-03-13,BA,home,5
2017-03-13,BA,beauty_health,3
2017-03-13,BA,tech,1
2017-03-13,BA,other,10
2017-03-13,DF,home,9
2017-03-13,DF,beauty_health,0
2017-03-13,DF,tech,3
2017-03-13,DF,other,2
2017-03-20,SP,home,108
2017-03-20,SP,beauty_health,31
2017-03-20,SP,tech,47
2017-03-20,SP,other,84
2017-03-20,RJ,home,53
2017-03-20,RJ,beauty_health,14
2017-03-20,RJ,tech,21
2017-03-20,RJ,other,29
2017-03-20,MG,home,44
2017-03-20,MG,beauty_health,8
2017-03-20,MG,tech,13
2017-03-20,MG,other,28
2017-03-20,RS,home,16
2017-03-20,RS,beauty_health,3
2017-03-20,RS,tech,6
2017-03-20,RS,other,19
2017-03-20,PR,home,5
2017-03-20,PR,beauty_health,7
2017-03-20,PR,tech,5
2017-03-20,PR,other,14
2017-03-20,SC,home,2
2017-03-20,SC,beauty_health,4
2017-03-20,SC,tech,5
2017-03-20,SC,other,9
2017-03-20,BA,home,4
2017-03-20,BA,beauty_health,6
2017-03-20,BA,tech,9
2017-03-20,BA,other,5
2017-03-20,DF,home,7
2017-03-20,DF,beauty_health,1
2017-03-20,DF,tech,3
2017-03-20,DF,other,6
2017-03-27,SP,home,81
2017-03-27,SP,beauty_health,26
2017-03-27,SP,tech,49
2017-03-27,SP,other,79
2017-03-27,RJ,home,19
2017-03-27,RJ,beauty_health,11
2017-03-27,RJ,tech,12
2017-03-27,RJ,other,26
2017-03-27,MG,home,42
2017-03-27,MG,beauty_health,9
2017-03-27,MG,tech,11
2017-03-27,MG,other,31
2017-03-27,RS,home,7
2017-03-27,RS,beauty_health,3
2017-03-27,RS,tech,7
2017-03-27,RS,other,10
2017-03-27,PR,home,6
2017-03-27,PR,beauty_health,1
2017-03-27,PR,tech,8
2017-03-27,PR,other,11
2017-03-27,SC,home,11
2017-03-27,SC,beauty_health,5
2017-03-27,SC,tech,7
2017-03-27,SC,other,10
2017-03-27,BA,home,1
2017-03-27,BA,beauty_health,4
2017-03-27,BA,tech,8
2017-03-27,BA,other,3
2017-03-27,DF,home,3
2017-03-27,DF,beauty_health,3
2017-03-27,DF,tech,0
2017-03-27,DF,other,7
2017-04-03,SP,home,96
2017-04-03,SP,beauty_health,29
2017-04-03,SP,tech,37
2017-04-03,SP,other,88
2017-04-03,RJ,home,22
2017-04-03,RJ,beauty_health,8
2017-04-03,RJ,tech,17
2017-04-03,RJ,other,30
2017-04-03,MG,home,24
2017-04-03,MG,beauty_health,14
2017-04-03,MG,tech,11
2017-04-03,MG,other,26
2017-04-03,RS,home,21
2017-04-03,RS,beauty_health,4
2017-04-03,RS,tech,6
2017-04-03,RS,other,14
2017-04-03,PR,home,5
2017-04-03,PR,beauty_health,1
2017-04-03,PR,tech,4
2017-04-03,PR,other,11
2017-04-03,SC,home,5
2017-04-03,SC,beauty_health,2
2017-04-03,SC,tech,5
2017-04-03,SC,other,11
2017-04-03,BA,home,2
2017-04-03,BA,beauty_health,4
2017-04-03,BA,tech,5
2017-04-03,BA,other,11
2017-04-03,DF,home,4
2017-04-03,DF,beauty_health,0
2017-04-03,DF,tech,0
2017-04-03,DF,other,1
2017-04-10,SP,home,51
2017-04-10,SP,beauty_health,18
2017-04-10,SP,tech,30
2017-04-10,SP,other,68
2017-04-10,RJ,home,18
2017-04-10,RJ,beauty_health,8
2017-04-10,RJ,tech,2
2017-04-10,RJ,other,26
2017-04-10,MG,home,13
2017-04-10,MG,beauty_health,12
2017-04-10,MG,tech,6
2017-04-10,MG,other,17
2017-04-10,RS,home,7
2017-04-10,RS,beauty_health,3
2017-04-10,RS,tech,3
2017-04-10,RS,other,18
2017-04-10,PR,home,3
2017-04-10,PR,beauty_health,2
2017-04-10,PR,tech,3
2017-04-10,PR,other,8
2017-04-10,SC,home,9
2017-04-10,SC,beauty_health,3
2017-04-10,SC,tech,3
2017-04-10,SC,other,6
2017-04-10,BA,home,4
2017-04-10,BA,beauty_health,3
2017-04-10,BA,tech,7
2017-04-10,BA,other,9
2017-04-10,DF,home,1
2017-04-10,DF,beauty_health,0
2017-04-10,DF,tech,1
2017-04-10,DF,other,5
2017-04-17,SP,home,72
2017-04-17,SP,beauty_health,27
2017-04-17,SP,tech,44
2017-04-17,SP,other,70
2017-04-17,RJ,home,44
2017-04-17,RJ,beauty_health,7
2017-04-17,RJ,tech,18
2017-04-17,RJ,other,27
2017-04-17,MG,home,14
2017-04-17,MG,beauty_health,7
2017-04-17,MG,tech,15
2017-04-17,MG,other,29
2017-04-17,RS,home,16
2017-04-17,RS,beauty_health,5
2017-04-17,RS,tech,5
2017-04-17,RS,other,5
2017-04-17,PR,home,14
2017-04-17,PR,beauty_health,2
2017-04-17,PR,tech,9
2017-04-17,PR,other,14
2017-04-17,SC,home,10
2017-04-17,SC,beauty_health,12
2017-04-17,SC,tech,4
2017-04-17,SC,other,5
2017-04-17,BA,home,4
2017-04-17,BA,beauty_health,6
2017-04-17,BA,tech,2
2017-04-17,BA,other,4
2017-04-17,DF,home,3
2017-04-17,DF,beauty_health,0
2017-04-17,DF,tech,2
2017-04-17,DF,other,3
2017-04-24,SP,home,76
2017-04-24,SP,beauty_health,39
2017-04-24,SP,tech,60
2017-04-24,SP,other,93
2017-04-24,RJ,home,44
2017-04-24,RJ,beauty_health,10
2017-04-24,RJ,tech,11
2017-04-24,RJ,other,47
2017-04-24,MG,home,25
2017-04-24,MG,beauty_health,9
2017-04-24,MG,tech,15
2017-04-24,MG,other,32
2017-04-24,RS,home,8
2017-04-24,RS,beauty_health,3
2017-04-24,RS,tech,5
2017-04-24,RS,other,14
2017-04-24,PR,home,14
2017-04-24,PR,beauty_health,4
2017-04-24,PR,tech,9
2017-04-24,PR,other,11
2017-04-24,SC,home,14
2017-04-24,SC,beauty_health,3
2017-04-24,SC,tech,6
2017-04-24,SC,other,14
2017-04-24,BA,home,11
2017-04-24,BA,beauty_health,2
2017-04-24,BA,tech,4
2017-04-24,BA,other,6
2017-04-24,DF,home,4
2017-04-24,DF,beauty_health,3
2017-04-24,DF,tech,0
2017-04-24,DF,other,4
2017-05-01,SP,home,100
2017-05-01,SP,beauty_health,46
2017-05-01,SP,tech,44
2017-05-01,SP,other,92
2017-05-01,RJ,home,36
2017-05-01,RJ,beauty_health,11
2017-05-01,RJ,tech,17
2017-05-01,RJ,other,52
2017-05-01,MG,home,36
2017-05-01,MG,beauty_health,9
2017-05-01,MG,tech,22
2017-05-01,MG,other,46
2017-05-01,RS,home,17
2017-05-01,RS,beauty_health,6
2017-05-01,RS,tech,6
2017-05-01,RS,other,17
2017-05-01,PR,home,15
2017-05-01,PR,beauty_health,7
2017-05-01,PR,tech,2
2017-05-01,PR,other,18
2017-05-01,SC,home,12
2017-05-01,SC,beauty_health,5
2017-05-01,SC,tech,7
2017-05-01,SC,other,14
2017-05-01,BA,home,8
2017-05-01,BA,beauty_health,2
2017-05-01,BA,tech,6
2017-05-01,BA,other,12
2017-05-01,DF,home,2
2017-05-01,DF,beauty_health,1
2017-05-01,DF,tech,1
2017-05-01,DF,other,5
2017-05-08,SP,home,95
2017-05-08,SP,beauty_health,46
2017-05-08,SP,tech,57
2017-05-08,SP,other,128
2017-05-08,RJ,home,29
2017-05-08,RJ,beauty_health,12
2017-05-08,RJ,tech,22
2017-05-08,RJ,other,37
2017-05-08,MG,home,25
2017-05-08,MG,beauty_health,13
2017-05-08,MG,tech,19
2017-05-08,MG,other,22
2017-05-08,RS,home,14
2017-05-08,RS,beauty_health,8
2017-05-08,RS,tech,10
2017-05-08,RS,other,21
2017-05-08,PR,home,18
2017-05-08,PR,beauty_health,4
2017-05-08,PR,tech,20
2017-05-08,PR,other,20
2017-05-08,SC,home,7
2017-05-08,SC,beauty_health,1
2017-05-08,SC,tech,8
2017-05-08,SC,other,18
2017-05-08,BA,home,4
2017-05-08,BA,beauty_health,7
2017-05-08,BA,tech,14
2017-05-08,BA,other,15
2017-05-08,DF,home,2
2017-05-08,DF,beauty_health,1
2017-05-08,DF,tech,1
2017-05-08,DF,other,8
2017-05-15,SP,home,145
2017-05-15,SP,beauty_health,45
2017-05-15,SP,tech,85
2017-05-15,SP,other,134
2017-05-15,RJ,home,56
2017-05-15,RJ,beauty_health,14
2017-05-15,RJ,tech,24
2017-05-15,RJ,other,52
2017-05-15,MG,home,37
2017-05-15,MG,beauty_health,15
2017-05-15,MG,tech,18
2017-05-15,MG,other,57
2017-05-15,RS,home,9
2017-05-15,RS,beauty_health,6
2017-05-15,RS,tech,14
2017-05-15,RS,other,16
2017-05-15,PR,home,12
2017-05-15,PR,beauty_health,8
2017-05-15,PR,tech,11
2017-05-15,PR,other,35
2017-05-15,SC,home,19
2017-05-15,SC,beauty_health,4
2017-05-15,SC,tech,4
2017-05-15,SC,other,19
2017-05-15,BA,home,5
2017-05-15,BA,beauty_health,4
2017-05-15,BA,tech,9
2017-05-15,BA,other,16
2017-05-15,DF,home,8
2017-05-15,DF,beauty_health,4
2017-05-15,DF,tech,1
2017-05-15,DF,other,4
2017-05-22,SP,home,112
2017-05-22,SP,beauty_health,50
2017-05-22,SP,tech,53
2017-05-22,SP,other,126
2017-05-22,RJ,home,32
2017-05-22,RJ,beauty_health,14
2017-05-22,RJ,tech,31
2017-05-22,RJ,other,41
2017-05-22,MG,home,27
2017-05-22,MG,beauty_health,8
2017-05-22,MG,tech,11
2017-05-22,MG,other,25
2017-05-22,RS,home,23
2017-05-22,RS,beauty_health,1
2017-05-22,RS,tech,8
2017-05-22,RS,other,21
2017-05-22,PR,home,16
2017-05-22,PR,beauty_health,7
2017-05-22,PR,tech,7
2017-05-22,PR,other,14
2017-05-22,SC,home,10
2017-05-22,SC,beauty_health,2
2017-05-22,SC,tech,5
2017-05-22,SC,other,16
2017-05-22,BA,home,7
2017-05-22,BA,beauty_health,4
2017-05-22,BA,tech,5
2017-05-22,BA,other,9
2017-05-22,DF,home,4
2017-05-22,DF,beauty_health,2
2017-05-22,DF,tech,4
2017-05-22,DF,other,8
2017-05-29,SP,home,112
2017-05-29,SP,beauty_health,53
2017-05-29,SP,tech,65
2017-05-29,SP,other,113
2017-05-29,RJ,home,32
2017-05-29,RJ,beauty_health,19
2017-05-29,RJ,tech,16
2017-05-29,RJ,other,41
2017-05-29,MG,home,25
2017-05-29,MG,beauty_health,14
2017-05-29,MG,tech,26
2017-05-29,MG,other,36
2017-05-29,RS,home,26
2017-05-29,RS,beauty_health,7
2017-05-29,RS,tech,13
2017-05-29,RS,other,25
2017-05-29,PR,home,21
2017-05-29,PR,beauty_health,4
2017-05-29,PR,tech,8
2017-05-29,PR,other,12
2017-05-29,SC,home,9
2017-05-29,SC,beauty_health,1
2017-05-29,SC,tech,3
2017-05-29,SC,other,13
2017-05-29,BA,home,6
2017-05-29,BA,beauty_health,6
2017-05-29,BA,tech,6
2017-05-29,BA,other,16
2017-05-29,DF,home,5
2017-05-29,DF,beauty_health,5
2017-05-29,DF,tech,1
2017-05-29,DF,other,6
2017-06-05,SP,home,132
2017-06-05,SP,beauty_health,36
2017-06-05,SP,tech,63
2017-06-05,SP,other,126
2017-06-05,RJ,home,28
2017-06-05,RJ,beauty_health,15
2017-06-05,RJ,tech,18
2017-06-05,RJ,other,52
2017-06-05,MG,home,28
2017-06-05,MG,beauty_health,14
2017-06-05,MG,tech,17
2017-06-05,MG,other,31
2017-06-05,RS,home,22
2017-06-05,RS,beauty_health,5
2017-06-05,RS,tech,20
2017-06-05,RS,other,19
2017-06-05,PR,home,16
2017-06-05,PR,beauty_health,4
2017-06-05,PR,tech,11
2017-06-05,PR,other,17
2017-06-05,SC,home,23
2017-06-05,SC,beauty_health,9
2017-06-05,SC,tech,8
2017-06-05,SC,other,13
2017-06-05,BA,home,2
2017-06-05,BA,beauty_health,5
2017-06-05,BA,tech,7
2017-06-05,BA,other,8
2017-06-05,DF,home,11
2017-06-05,DF,beauty_health,1
2017-06-05,DF,tech,3
2017-06-05,DF,other,9
2017-06-12,SP,home,112
2017-06-12,SP,beauty_health,44
2017-06-12,SP,tech,62
2017-06-12,SP,other,103
2017-06-12,RJ,home,39
2017-06-12,RJ,beauty_health,17
2017-06-12,RJ,tech,19
2017-06-12,RJ,other,29
2017-06-12,MG,home,28
2017-06-12,MG,beauty_health,12
2017-06-12,MG,tech,19
2017-06-12,MG,other,30
2017-06-12,RS,home,17
2017-06-12,RS,beauty_health,10
2017-06-12,RS,tech,13
2017-06-12,RS,other,16
2017-06-12,PR,home,9
2017-06-12,PR,beauty_health,4
2017-06-12,PR,tech,6
2017-06-12,PR,other,20
2017-06-12,SC,home,5
2017-06-12,SC,beauty_health,1
2017-06-12,SC,tech,7
2017-06-12,SC,other,13
2017-06-12,BA,home,10
2017-06-12,BA,beauty_health,3
2017-06-12,BA,tech,10
2017-06-12,BA,other,16
2017-06-12,DF,home,9
2017-06-12,DF,beauty_health,2
2017-06-12,DF,tech,2
2017-06-12,DF,other,8
2017-06-19,SP,home,122
2017-06-19,SP,beauty_health,51
2017-06-19,SP,tech,39
2017-06-19,SP,other,91
2017-06-19,RJ,home,32
2017-06-19,RJ,beauty_health,13
2017-06-19,RJ,tech,24
2017-06-19,RJ,other,25
2017-06-19,MG,home,31
2017-06-19,MG,beauty_health,6
2017-06-19,MG,tech,16
2017-06-19,MG,other,34
2017-06-19,RS,home,19
2017-06-19,RS,beauty_health,3
2017-06-19,RS,tech,15
2017-06-19,RS,other,14
2017-06-19,PR,home,21
2017-06-19,PR,beauty_health,2
2017-06-19,PR,tech,10
2017-06-19,PR,other,8
2017-06-19,SC,home,2
2017-06-19,SC,beauty_health,2
2017-06-19,SC,tech,4
2017-06-19,SC,other,8
2017-06-19,BA,home,6
2017-06-19,BA,beauty_health,4
2017-06-19,BA,tech,3
2017-06-19,BA,other,5
2017-06-19,DF,home,4
2017-06-19,DF,beauty_health,1
2017-06-19,DF,tech,3
2017-06-19,DF,other,6
2017-06-26,SP,home,148
2017-06-26,SP,beauty_health,36
2017-06-26,SP,tech,34
2017-06-26,SP,other,108
2017-06-26,RJ,home,32
2017-06-26,RJ,beauty_health,13
2017-06-26,RJ,tech,12
2017-06-26,RJ,other,29
2017-06-26,MG,home,40
2017-06-26,MG,beauty_health,12
2017-06-26,MG,tech,7
2017-06-26,MG,other,35
2017-06-26,RS,home,15
2017-06-26,RS,beauty_health,12
2017-06-26,RS,tech,8
2017-06-26,RS,other,20
2017-06-26,PR,home,11
2017-06-26,PR,beauty_health,5
2017-06-26,PR,tech,3
2017-06-26,PR,other,21
2017-06-26,SC,home,9
2017-06-26,SC,beauty_health,3
2017-06-26,SC,tech,4
2017-06-26,SC,other,7
2017-06-26,BA,home,9
2017-06-26,BA,beauty_health,0
2017-06-26,BA,tech,4
2017-06-26,BA,other,10
2017-06-26,DF,home,6
2017-06-26,DF,beauty_health,1
2017-06-26,DF,tech,2
2017-06-26,DF,other,4
2017-07-03,SP,home,129
2017-07-03,SP,beauty_health,43
2017-07-03,SP,tech,47
2017-07-03,SP,other,118
2017-07-03,RJ,home,47
2017-07-03,RJ,beauty_health,15
2017-07-03,RJ,tech,26
2017-07-03,RJ,other,49
2017-07-03,MG,home,36
2017-07-03,MG,beauty_health,10
2017-07-03,MG,tech,9
2017-07-03,MG,other,33
2017-07-03,RS,home,20
2017-07-03,RS,beauty_health,5
2017-07-03,RS,tech,4
2017-07-03,RS,other,27
2017-07-03,PR,home,11
2017-07-03,PR,beauty_health,4
2017-07-03,PR,tech,7
2017-07-03,PR,other,21
2017-07-03,SC,home,20
2017-07-03,SC,beauty_health,1
2017-07-03,SC,tech,6
2017-07-03,SC,other,16
2017-07-03,BA,home,10
2017-07-03,BA,beauty_health,1
2017-07-03,BA,tech,4
2017-07-03,BA,other,10
2017-07-03,DF,home,6
2017-07-03,DF,beauty_health,5
2017-07-03,DF,tech,6
2017-07-03,DF,other,6
2017-07-10,SP,home,150
2017-07-10,SP,beauty_health,70
2017-07-10,SP,tech,61
2017-07-10,SP,other,160
2017-07-10,RJ,home,35
2017-07-10,RJ,beauty_health,23
2017-07-10,RJ,tech,29
2017-07-10,RJ,other,49
2017-07-10,MG,home,40
2017-07-10,MG,beauty_health,10
2017-07-10,MG,tech,17
2017-07-10,MG,other,41
2017-07-10,RS,home,21
2017-07-10,RS,beauty_health,5
2017-07-10,RS,tech,16
2017-07-10,RS,other,27
2017-07-10,PR,home,10
2017-07-10,PR,beauty_health,12
2017-07-10,PR,tech,3
2017-07-10,PR,other,27
2017-07-10,SC,home,15
2017-07-10,SC,beauty_health,6
2017-07-10,SC,tech,7
2017-07-10,SC,other,15
2017-07-10,BA,home,12
2017-07-10,BA,beauty_health,3
2017-07-10,BA,tech,10
2017-07-10,BA,other,18
2017-07-10,DF,home,7
2017-07-10,DF,beauty_health,5
2017-07-10,DF,tech,1
2017-07-10,DF,other,6
2017-07-17,SP,home,173
2017-07-17,SP,beauty_health,59
2017-07-17,SP,tech,78
2017-07-17,SP,other,137
2017-07-17,RJ,home,60
2017-07-17,RJ,beauty_health,14
2017-07-17,RJ,tech,23
2017-07-17,RJ,other,54
2017-07-17,MG,home,53
2017-07-17,MG,beauty_health,15
2017-07-17,MG,tech,21
2017-07-17,MG,other,33
2017-07-17,RS,home,25
2017-07-17,RS,beauty_health,8
2017-07-17,RS,tech,10
2017-07-17,RS,other,17
2017-07-17,PR,home,19
2017-07-17,PR,beauty_health,7
2017-07-17,PR,tech,4
2017-07-17,PR,other,24
2017-07-17,SC,home,9
2017-07-17,SC,beauty_health,1
2017-07-17,SC,tech,13
2017-07-17,SC,other,9
2017-07-17,BA,home,12
2017-07-17,BA,beauty_health,8
2017-07-17,BA,tech,9
2017-07-17,BA,other,16
2017-07-17,DF,home,12
2017-07-17,DF,beauty_health,5
2017-07-17,DF,tech,6
2017-07-17,DF,other,6
2017-07-24,SP,home,142
2017-07-24,SP,beauty_health,38
2017-07-24,SP,tech,58
2017-07-24,SP,other,153
2017-07-24,RJ,home,46
2017-07-24,RJ,beauty_health,14
2017-07-24,RJ,tech,34
2017-07-24,RJ,other,48
2017-07-24,MG,home,35
2017-07-24,MG,beauty_health,13
2017-07-24,MG,tech,21
2017-07-24,MG,other,38
2017-07-24,RS,home,17
2017-07-24,RS,beauty_health,10
2017-07-24,RS,tech,11
2017-07-24,RS,other,23
2017-07-24,PR,home,21
2017-07-24,PR,beauty_health,2
2017-07-24,PR,tech,14
2017-07-24,PR,other,20
2017-07-24,SC,home,20
2017-07-24,SC,beauty_health,3
2017-07-24,SC,tech,9
2017-07-24,SC,other,15
2017-07-24,BA,home,9
2017-07-24,BA,beauty_health,2
2017-07-24,BA,tech,8
2017-07-24,BA,other,14
2017-07-24,DF,home,4
2017-07-24,DF,beauty_health,4
2017-07-24,DF,tech,0
2017-07-24,DF,other,5
2017-07-31,SP,home,146
2017-07-31,SP,beauty_health,41
2017-07-31,SP,tech,91
2017-07-31,SP,other,135
2017-07-31,RJ,home,52
2017-07-31,RJ,beauty_health,15
2017-07-31,RJ,tech,28
2017-07-31,RJ,other,48
2017-07-31,MG,home,31
2017-07-31,MG,beauty_health,14
2017-07-31,MG,tech,13
2017-07-31,MG,other,49
2017-07-31,RS,home,29
2017-07-31,RS,beauty_health,9
2017-07-31,RS,tech,17
2017-07-31,RS,other,22
2017-07-31,PR,home,16
2017-07-31,PR,beauty_health,8
2017-07-31,PR,tech,11
2017-07-31,PR,other,23
2017-07-31,SC,home,11
2017-07-31,SC,beauty_health,3
2017-07-31,SC,tech,9
2017-07-31,SC,other,20
2017-07-31,BA,home,15
2017-07-31,BA,beauty_health,2
2017-07-31,BA,tech,5
2017-07-31,BA,other,11
2017-07-31,DF,home,8
2017-07-31,DF,beauty_health,1
2017-07-31,DF,tech,4
2017-07-31,DF,other,11
2017-08-07,SP,home,144
2017-08-07,SP,beauty_health,45
2017-08-07,SP,tech,66
2017-08-07,SP,other,138
2017-08-07,RJ,home,51
2017-08-07,RJ,beauty_health,12
2017-08-07,RJ,tech,18
2017-08-07,RJ,other,60
2017-08-07,MG,home,54
2017-08-07,MG,beauty_health,14
2017-08-07,MG,tech,16
2017-08-07,MG,other,50
2017-08-07,RS,home,27
2017-08-07,RS,beauty_health,4
2017-08-07,RS,tech,14
2017-08-07,RS,other,26
2017-08-07,PR,home,17
2017-08-07,PR,beauty_health,6
2017-08-07,PR,tech,15
2017-08-07,PR,other,22
2017-08-07,SC,home,11
2017-08-07,SC,beauty_health,3
2017-08-07,SC,tech,7
2017-08-07,SC,other,12
2017-08-07,BA,home,11
2017-08-07,BA,beauty_health,3
2017-08-07,BA,tech,7
2017-08-07,BA,other,9
2017-08-07,DF,home,3
2017-08-07,DF,beauty_health,4
2017-08-07,DF,tech,3
2017-08-07,DF,other,11
2017-08-14,SP,home,187
2017-08-14,SP,beauty_health,58
2017-08-14,SP,tech,87
2017-08-14,SP,other,144
2017-08-14,RJ,home,60
2017-08-14,RJ,beauty_health,10
2017-08-14,RJ,tech,19
2017-08-14,RJ,other,44
2017-08-14,MG,home,29
2017-08-14,MG,beauty_health,14
2017-08-14,MG,tech,24
2017-08-14,MG,other,57
2017-08-14,RS,home,29
2017-08-14,RS,beauty_health,9
2017-08-14,RS,tech,11
2017-08-14,RS,other,19
2017-08-14,PR,home,10
2017-08-14,PR,beauty_health,6
2017-08-14,PR,tech,10
2017-08-14,PR,other,18
2017-08-14,SC,home,15
2017-08-14,SC,beauty_health,6
2017-08-14,SC,tech,4
2017-08-14,SC,other,15
2017-08-14,BA,home,10
2017-08-14,BA,beauty_health,8
2017-08-14,BA,tech,5
2017-08-14,BA,other,18
2017-08-14,DF,home,8
2017-08-14,DF,beauty_health,2
2017-08-14,DF,tech,1
2017-08-14,DF,other,8
2017-08-21,SP,home,146
2017-08-21,SP,beauty_health,49
2017-08-21,SP,tech,80
2017-08-21,SP,other,148
2017-08-21,RJ,home,41
2017-08-21,RJ,beauty_health,26
2017-08-21,RJ,tech,16
2017-08-21,RJ,other,31
2017-08-21,MG,home,28
2017-08-21,MG,beauty_health,16
2017-08-21,MG,tech,16
2017-08-21,MG,other,39
2017-08-21,RS,home,24
2017-08-21,RS,beauty_health,5
2017-08-21,RS,tech,18
2017-08-21,RS,other,29
2017-08-21,PR,home,10
2017-08-21,PR,beauty_health,10
2017-08-21,PR,tech,13
2017-08-21,PR,other,21
2017-08-21,SC,home,19
2017-08-21,SC,beauty_health,3
2017-08-21,SC,tech,6
2017-08-21,SC,other,6
2017-08-21,BA,home,11
2017-08-21,BA,beauty_health,4
2017-08-21,BA,tech,9
2017-08-21,BA,other,12
2017-08-21,DF,home,4
2017-08-21,DF,beauty_health,3
2017-08-21,DF,tech,5
2017-08-21,DF,other,10
2017-08-28,SP,home,146
2017-08-28,SP,beauty_health,52
2017-08-28,SP,tech,58
2017-08-28,SP,other,139
2017-08-28,RJ,home,62
2017-08-28,RJ,beauty_health,19
2017-08-28,RJ,tech,26
2017-08-28,RJ,other,46
2017-08-28,MG,home,40
2017-08-28,MG,beauty_health,25
2017-08-28,MG,tech,19
2017-08-28,MG,other,38
2017-08-28,RS,home,24
2017-08-28,RS,beauty_health,8
2017-08-28,RS,tech,17
2017-08-28,RS,other,16
2017-08-28,PR,home,21
2017-08-28,PR,beauty_health,4
2017-08-28,PR,tech,9
2017-08-28,PR,other,22
2017-08-28,SC,home,9
2017-08-28,SC,beauty_health,6
2017-08-28,SC,tech,7
2017-08-28,SC,other,15
2017-08-28,BA,home,13
2017-08-28,BA,beauty_health,9
2017-08-28,BA,tech,12
2017-08-28,BA,other,5
2017-08-28,DF,home,10
2017-08-28,DF,beauty_health,1
2017-08-28,DF,tech,5
2017-08-28,DF,other,9
2017-09-04,SP,home,113
2017-09-04,SP,beauty_health,55
2017-09-04,SP,tech,70
2017-09-04,SP,other,127
2017-09-04,RJ,home,45
2017-09-04,RJ,beauty_health,19
2017-09-04,RJ,tech,27
2017-09-04,RJ,other,39
2017-09-04,MG,home,36
2017-09-04,MG,beauty_health,13
2017-09-04,MG,tech,14
2017-09-04,MG,other,40
2017-09-04,RS,home,20
2017-09-04,RS,beauty_health,7
2017-09-04,RS,tech,13
2017-09-04,RS,other,9
2017-09-04,PR,home,8
2017-09-04,PR,beauty_health,10
2017-09-04,PR,tech,6
2017-09-04,PR,other,15
2017-09-04,SC,home,9
2017-09-04,SC,beauty_health,9
2017-09-04,SC,tech,5
2017-09-04,SC,other,16
2017-09-04,BA,home,12
2017-09-04,BA,beauty_health,5
2017-09-04,BA,tech,4
2017-09-04,BA,other,18
2017-09-04,DF,home,5
2017-09-04,DF,beauty_health,3
2017-09-04,DF,tech,5
2017-09-04,DF,other,5
2017-09-11,SP,home,154
2017-09-11,SP,beauty_health,54
2017-09-11,SP,tech,68
2017-09-11,SP,other,149
2017-09-11,RJ,home,63
2017-09-11,RJ,beauty_health,29
2017-09-11,RJ,tech,32
2017-09-11,RJ,other,52
2017-09-11,MG,home,63
2017-09-11,MG,beauty_health,24
2017-09-11,MG,tech,23
2017-09-11,MG,other,57
2017-09-11,RS,home,37
2017-09-11,RS,beauty_health,14
2017-09-11,RS,tech,17
2017-09-11,RS,other,28
2017-09-11,PR,home,5
2017-09-11,PR,beauty_health,4
2017-09-11,PR,tech,8
2017-09-11,PR,other,22
2017-09-11,SC,home,17
2017-09-11,SC,beauty_health,9
2017-09-11,SC,tech,7
2017-09-11,SC,other,9
2017-09-11,BA,home,15
2017-09-11,BA,beauty_health,14
2017-09-11,BA,tech,10
2017-09-11,BA,other,20
2017-09-11,DF,home,12
2017-09-11,DF,beauty_health,7
2017-09-11,DF,tech,5
2017-09-11,DF,other,11
2017-09-18,SP,home,149
2017-09-18,SP,beauty_health,69
2017-09-18,SP,tech,54
2017-09-18,SP,other,165
2017-09-18,RJ,home,64
2017-09-18,RJ,beauty_health,20
2017-09-18,RJ,tech,30
2017-09-18,RJ,other,49
2017-09-18,MG,home,29
2017-09-18,MG,beauty_health,19
2017-09-18,MG,tech,13
2017-09-18,MG,other,51
2017-09-18,RS,home,24
2017-09-18,RS,beauty_health,7
2017-09-18,RS,tech,8
2017-09-18,RS,other,23
2017-09-18,PR,home,15
2017-09-18,PR,beauty_health,6
2017-09-18,PR,tech,13
2017-09-18,PR,other,21
2017-09-18,SC,home,16
2017-09-18,SC,beauty_health,6
2017-09-18,SC,tech,5
2017-09-18,SC,other,14
2017-09-18,BA,home,11
2017-09-18,BA,beauty_health,5
2017-09-18,BA,tech,4
2017-09-18,BA,other,14
2017-09-18,DF,home,4
2017-09-18,DF,beauty_health,0
2017-09-18,DF,tech,0
2017-09-18,DF,other,9
2017-09-25,SP,home,109
2017-09-25,SP,beauty_health,55
2017-09-25,SP,tech,70
2017-09-25,SP,other,156
2017-09-25,RJ,home,41
2017-09-25,RJ,beauty_health,16
2017-09-25,RJ,tech,34
2017-09-25,RJ,other,57
2017-09-25,MG,home,32
2017-09-25,MG,beauty_health,12
2017-09-25,MG,tech,21
2017-09-25,MG,other,56
2017-09-25,RS,home,18
2017-09-25,RS,beauty_health,8
2017-09-25,RS,tech,11
2017-09-25,RS,other,35
2017-09-25,PR,home,19
2017-09-25,PR,beauty_health,6
2017-09-25,PR,tech,10
2017-09-25,PR,other,18
2017-09-25,SC,home,13
2017-09-25,SC,beauty_health,3
2017-09-25,SC,tech,9
2017-09-25,SC,other,13
2017-09-25,BA,home,8
2017-09-25,BA,beauty_health,7
2017-09-25,BA,tech,8
2017-09-25,BA,other,14
2017-09-25,DF,home,7
2017-09-25,DF,beauty_health,5
2017-09-25,DF,tech,4
2017-09-25,DF,other,6
2017-10-02,SP,home,120
2017-10-02,SP,beauty_health,53
2017-10-02,SP,tech,82
2017-10-02,SP,other,171
2017-10-02,RJ,home,62
2017-10-02,RJ,beauty_health,14
2017-10-02,RJ,tech,26
2017-10-02,RJ,other,46
2017-10-02,MG,home,40
2017-10-02,MG,beauty_health,15
2017-10-02,MG,tech,18
2017-10-02,MG,other,65
2017-10-02,RS,home,19
2017-10-02,RS,beauty_health,10
2017-10-02,RS,tech,15
2017-10-02,RS,other,26
2017-10-02,PR,home,15
2017-10-02,PR,beauty_health,5
2017-10-02,PR,tech,5
2017-10-02,PR,other,13
2017-10-02,SC,home,15
2017-10-02,SC,beauty_health,1
2017-10-02,SC,tech,4
2017-10-02,SC,other,14
2017-10-02,BA,home,9
2017-10-02,BA,beauty_health,3
2017-10-02,BA,tech,10
2017-10-02,BA,other,13
2017-10-02,DF,home,2
2017-10-02,DF,beauty_health,4
2017-10-02,DF,tech,4
2017-10-02,DF,other,13
2017-10-09,SP,home,112
2017-10-09,SP,beauty_health,58
2017-10-09,SP,tech,80
2017-10-09,SP,other,154
2017-10-09,RJ,home,75
2017-10-09,RJ,beauty_health,21
2017-10-09,RJ,tech,31
2017-10-09,RJ,other,61
2017-10-09,MG,home,49
2017-10-09,MG,beauty_health,13
2017-10-09,MG,tech,35
2017-10-09,MG,other,56
2017-10-09,RS,home,26
2017-10-09,RS,beauty_health,7
2017-10-09,RS,tech,24
2017-10-09,RS,other,13
2017-10-09,PR,home,16
2017-10-09,PR,beauty_health,4
2017-10-09,PR,tech,7
2017-10-09,PR,other,22
2017-10-09,SC,home,14
2017-10-09,SC,beauty_health,7
2017-10-09,SC,tech,10
2017-10-09,SC,other,15
2017-10-09,BA,home,9
2017-10-09,BA,beauty_health,3
2017-10-09,BA,tech,12
2017-10-09,BA,other,19
2017-10-09,DF,home,5
2017-10-09,DF,beauty_health,0
2017-10-09,DF,tech,4
2017-10-09,DF,other,7
2017-10-16,SP,home,177
2017-10-16,SP,beauty_health,69
2017-10-16,SP,tech,110
2017-10-16,SP,other,178
2017-10-16,RJ,home,63
2017-10-16,RJ,beauty_health,34
2017-10-16,RJ,tech,34
2017-10-16,RJ,other,54
2017-10-16,MG,home,40
2017-10-16,MG,beauty_health,15
2017-10-16,MG,tech,31
2017-10-16,MG,other,44
2017-10-16,RS,home,24
2017-10-16,RS,beauty_health,9
2017-10-16,RS,tech,19
2017-10-16,RS,other,21
2017-10-16,PR,home,17
2017-10-16,PR,beauty_health,9
2017-10-16,PR,tech,13
2017-10-16,PR,other,21
2017-10-16,SC,home,8
2017-10-16,SC,beauty_health,4
2017-10-16,SC,tech,11
2017-10-16,SC,other,14
2017-10-16,BA,home,10
2017-10-16,BA,beauty_health,7
2017-10-16,BA,tech,8
2017-10-16,BA,other,14
2017-10-16,DF,home,5
2017-10-16,DF,beauty_health,1
2017-10-16,DF,tech,9
2017-10-16,DF,other,3
2017-10-23,SP,home,134
2017-10-23,SP,beauty_health,60
2017-10-23,SP,tech,77
2017-10-23,SP,other,152
2017-10-23,RJ,home,42
2017-10-23,RJ,beauty_health,16
2017-10-23,RJ,tech,33
2017-10-23,RJ,other,58
2017-10-23,MG,home,53
2017-10-23,MG,beauty_health,10
2017-10-23,MG,tech,29
2017-10-23,MG,other,46
2017-10-23,RS,home,18
2017-10-23,RS,beauty_health,10
2017-10-23,RS,tech,13
2017-10-23,RS,other,17
2017-10-23,PR,home,32
2017-10-23,PR,beauty_health,4
2017-10-23,PR,tech,4
2017-10-23,PR,other,12
2017-10-23,SC,home,20
2017-10-23,SC,beauty_health,10
2017-10-23,SC,tech,4
2017-10-23,SC,other,11
2017-10-23,BA,home,11
2017-10-23,BA,beauty_health,4
2017-10-23,BA,tech,3
2017-10-23,BA,other,13
2017-10-23,DF,home,7
2017-10-23,DF,beauty_health,4
2017-10-23,DF,tech,7
2017-10-23,DF,other,5
2017-10-30,SP,home,125
2017-10-30,SP,beauty_health,43
2017-10-30,SP,tech,78
2017-10-30,SP,other,149
2017-10-30,RJ,home,53
2017-10-30,RJ,beauty_health,12
2017-10-30,RJ,tech,21
2017-10-30,RJ,other,63
2017-10-30,MG,home,27
2017-10-30,MG,beauty_health,10
2017-10-30,MG,tech,22
2017-10-30,MG,other,37
2017-10-30,RS,home,17
2017-10-30,RS,beauty_health,5
2017-10-30,RS,tech,10
2017-10-30,RS,other,12
2017-10-30,PR,home,25
2017-10-30,PR,beauty_health,3
2017-10-30,PR,tech,13
2017-10-30,PR,other,14
2017-10-30,SC,home,14
2017-10-30,SC,beauty_health,7
2017-10-30,SC,tech,9
2017-10-30,SC,other,14
2017-10-30,BA,home,10
2017-10-30,BA,beauty_health,1
2017-10-30,BA,tech,15
2017-10-30,BA,other,5
2017-10-30,DF,home,12
2017-10-30,DF,beauty_health,2
2017-10-30,DF,tech,7
2017-10-30,DF,other,4
2017-11-06,SP,home,169
2017-11-06,SP,beauty_health,66
2017-11-06,SP,tech,123
2017-11-06,SP,other,173
2017-11-06,RJ,home,92
2017-11-06,RJ,beauty_health,13
2017-11-06,RJ,tech,26
2017-11-06,RJ,other,56
2017-11-06,MG,home,36
2017-11-06,MG,beauty_health,21
2017-11-06,MG,tech,35
2017-11-06,MG,other,56
2017-11-06,RS,home,27
2017-11-06,RS,beauty_health,12
2017-11-06,RS,tech,16
2017-11-06,RS,other,21
2017-11-06,PR,home,16
2017-11-06,PR,beauty_health,8
2017-11-06,PR,tech,11
2017-11-06,PR,other,21
2017-11-06,SC,home,15
2017-11-06,SC,beauty_health,5
2017-11-06,SC,tech,11
2017-11-06,SC,other,28
2017-11-06,BA,home,14
2017-11-06,BA,beauty_health,5
2017-11-06,BA,tech,8
2017-11-06,BA,other,11
2017-11-06,DF,home,5
2017-11-06,DF,beauty_health,1
2017-11-06,DF,tech,15
2017-11-06,DF,other,4
2017-11-13,SP,home,221
2017-11-13,SP,beauty_health,86
2017-11-13,SP,tech,103
2017-11-13,SP,other,198
2017-11-13,RJ,home,62
2017-11-13,RJ,beauty_health,16
2017-11-13,RJ,tech,40
2017-11-13,RJ,other,70
2017-11-13,MG,home,48
2017-11-13,MG,beauty_health,22
2017-11-13,MG,tech,25
2017-11-13,MG,other,59
2017-11-13,RS,home,30
2017-11-13,RS,beauty_health,13
2017-11-13,RS,tech,15
2017-11-13,RS,other,28
2017-11-13,PR,home,20
2017-11-13,PR,beauty_health,9
2017-11-13,PR,tech,17
2017-11-13,PR,other,20
2017-11-13,SC,home,22
2017-11-13,SC,beauty_health,7
2017-11-13,SC,tech,17
2017-11-13,SC,other,18
2017-11-13,BA,home,13
2017-11-13,BA,beauty_health,3
2017-11-13,BA,tech,10
2017-11-13,BA,other,24
2017-11-13,DF,home,4
2017-11-13,DF,beauty_health,1
2017-11-13,DF,tech,7
2017-11-13,DF,other,12
2017-11-20,SP,home,511
2017-11-20,SP,beauty_health,133
2017-11-20,SP,tech,227
2017-11-20,SP,other,411
2017-11-20,RJ,home,211
2017-11-20,RJ,beauty_health,44
2017-11-20,RJ,tech,83
2017-11-20,RJ,other,129
2017-11-20,MG,home,205
2017-11-20,MG,beauty_health,72
2017-11-20,MG,tech,68
2017-11-20,MG,other,126
2017-11-20,RS,home,76
2017-11-20,RS,beauty_health,25
2017-11-20,RS,tech,39
2017-11-20,RS,other,55
2017-11-20,PR,home,73
2017-11-20,PR,beauty_health,14
2017-11-20,PR,tech,35
2017-11-20,PR,other,45
2017-11-20,SC,home,39
2017-11-20,SC,beauty_health,17
2017-11-20,SC,tech,31
2017-11-20,SC,other,48
2017-11-20,BA,home,46
2017-11-20,BA,beauty_health,17
2017-11-20,BA,tech,32
2017-11-20,BA,other,26
2017-11-20,DF,home,14
2017-11-20,DF,beauty_health,24
2017-11-20,DF,tech,13
2017-11-20,DF,other,20
2017-11-27,SP,home,315
2017-11-27,SP,beauty_health,114
2017-11-27,SP,tech,168
2017-11-27,SP,other,339
2017-11-27,RJ,home,109
2017-11-27,RJ,beauty_health,35
2017-11-27,RJ,tech,51
2017-11-27,RJ,other,129
2017-11-27,MG,home,99
2017-11-27,MG,beauty_health,44
2017-11-27,MG,tech,67
2017-11-27,MG,other,116
2017-11-27,RS,home,39
2017-11-27,RS,beauty_health,13
2017-11-27,RS,tech,27
2017-11-27,RS,other,37
2017-11-27,PR,home,41
2017-11-27,PR,beauty_health,21
2017-11-27,PR,tech,30
2017-11-27,PR,other,38
2017-11-27,SC,home,12
2017-11-27,SC,beauty_health,12
2017-11-27,SC,tech,16
2017-11-27,SC,other,30
2017-11-27,BA,home,11
2017-11-27,BA,beauty_health,11
2017-11-27,BA,tech,14
2017-11-27,BA,other,33
2017-11-27,DF,home,20
2017-11-27,DF,beauty_health,16
2017-11-27,DF,tech,4
2017-11-27,DF,other,12
2017-12-04,SP,home,207
2017-12-04,SP,beauty_health,109
2017-12-04,SP,tech,126
2017-12-04,SP,other,296
2017-12-04,RJ,home,75
2017-12-04,RJ,beauty_health,33
2017-12-04,RJ,tech,45
2017-12-04,RJ,other,113
2017-12-04,MG,home,58
2017-12-04,MG,beauty_health,29
2017-12-04,MG,tech,52
2017-12-04,MG,other,107
2017-12-04,RS,home,35
2017-12-04,RS,beauty_health,7
2017-12-04,RS,tech,10
2017-12-04,RS,other,43
2017-12-04,PR,home,14
2017-12-04,PR,beauty_health,15
2017-12-04,PR,tech,13
2017-12-04,PR,other,29
2017-12-04,SC,home,13
2017-12-04,SC,beauty_health,8
2017-12-04,SC,tech,11
2017-12-04,SC,other,26
2017-12-04,BA,home,18
2017-12-04,BA,beauty_health,4
2017-12-04,BA,tech,10
2017-12-04,BA,other,19
2017-12-04,DF,home,6
2017-12-04,DF,beauty_health,5
2017-12-04,DF,tech,7
2017-12-04,DF,other,25
2017-12-11,SP,home,191
2017-12-11,SP,beauty_health,80
2017-12-11,SP,tech,112
2017-12-11,SP,other,276
2017-12-11,RJ,home,41
2017-12-11,RJ,beauty_health,21
2017-12-11,RJ,tech,42
2017-12-11,RJ,other,77
2017-12-11,MG,home,38
2017-12-11,MG,beauty_health,28
2017-12-11,MG,tech,34
2017-12-11,MG,other,71
2017-12-11,RS,home,15
2017-12-11,RS,beauty_health,13
2017-12-11,RS,tech,16
2017-12-11,RS,other,30
2017-12-11,PR,home,25
2017-12-11,PR,beauty_health,6
2017-12-11,PR,tech,15
2017-12-11,PR,other,32
2017-12-11,SC,home,13
2017-12-11,SC,beauty_health,7
2017-12-11,SC,tech,11
2017-12-11,SC,other,23
2017-12-11,BA,home,9
2017-12-11,BA,beauty_health,8
2017-12-11,BA,tech,18
2017-12-11,BA,other,17
2017-12-11,DF,home,5
2017-12-11,DF,beauty_health,7
2017-12-11,DF,tech,6
2017-12-11,DF,other,15
2017-12-18,SP,home,134
2017-12-18,SP,beauty_health,58
2017-12-18,SP,tech,91
2017-12-18,SP,other,151
2017-12-18,RJ,home,34
2017-12-18,RJ,beauty_health,16
2017-12-18,RJ,tech,31
2017-12-18,RJ,other,59
2017-12-18,MG,home,37
2017-12-18,MG,beauty_health,15
2017-12-18,MG,tech,29
2017-12-18,MG,other,37
2017-12-18,RS,home,23
2017-12-18,RS,beauty_health,10
2017-12-18,RS,tech,14
2017-12-18,RS,other,15
2017-12-18,PR,home,13
2017-12-18,PR,beauty_health,9
2017-12-18,PR,tech,11
2017-12-18,PR,other,22
2017-12-18,SC,home,9
2017-12-18,SC,beauty_health,1
2017-12-18,SC,tech,8
2017-12-18,SC,other,9
2017-12-18,BA,home,13
2017-12-18,BA,beauty_health,3
2017-12-18,BA,tech,12
2017-12-18,BA,other,12
2017-12-18,DF,home,7
2017-12-18,DF,beauty_health,6
2017-12-18,DF,tech,5
2017-12-18,DF,other,11
2017-12-25,SP,home,124
2017-12-25,SP,beauty_health,40
2017-12-25,SP,tech,96
2017-12-25,SP,other,136
2017-12-25,RJ,home,39
2017-12-25,RJ,beauty_health,16
2017-12-25,RJ,tech,14
2017-12-25,RJ,other,34
2017-12-25,MG,home,34
2017-12-25,MG,beauty_health,7
2017-12-25,MG,tech,20
2017-12-25,MG,other,54
2017-12-25,RS,home,12
2017-12-25,RS,beauty_health,5
2017-12-25,RS,tech,9
2017-12-25,RS,other,12
2017-12-25,PR,home,20
2017-12-25,PR,beauty_health,4
2017-12-25,PR,tech,5
2017-12-25,PR,other,13
2017-12-25,SC,home,9
2017-12-25,SC,beauty_health,2
2017-12-25,SC,tech,13
2017-12-25,SC,other,15
2017-12-25,BA,home,5
2017-12-25,BA,beauty_health,4
2017-12-25,BA,tech,9
2017-12-25,BA,other,7
2017-12-25,DF,home,7
2017-12-25,DF,beauty_health,3
2017-12-25,DF,tech,2
2017-12-25,DF,other,9
2018-01-01,SP,home,194
2018-01-01,SP,beauty_health,78
2018-01-01,SP,tech,125
2018-01-01,SP,other,212
2018-01-01,RJ,home,64
2018-01-01,RJ,beauty_health,31
2018-01-01,RJ,tech,40
2018-01-01,RJ,other,76
2018-01-01,MG,home,41
2018-01-01,MG,beauty_health,27
2018-01-01,MG,tech,40
2018-01-01,MG,other,50
2018-01-01,RS,home,24
2018-01-01,RS,beauty_health,14
2018-01-01,RS,tech,21
2018-01-01,RS,other,32
2018-01-01,PR,home,18
2018-01-01,PR,beauty_health,7
2018-01-01,PR,tech,11
2018-01-01,PR,other,34
2018-01-01,SC,home,19
2018-01-01,SC,beauty_health,7
2018-01-01,SC,tech,12
2018-01-01,SC,other,25
2018-01-01,BA,home,13
2018-01-01,BA,beauty_health,4
2018-01-01,BA,tech,9
2018-01-01,BA,other,31
2018-01-01,DF,home,11
2018-01-01,DF,beauty_health,1
2018-01-01,DF,tech,3
2018-01-01,DF,other,13
2018-01-08,SP,home,221
2018-01-08,SP,beauty_health,105
2018-01-08,SP,tech,167
2018-01-08,SP,other,306
2018-01-08,RJ,home,68
2018-01-08,RJ,beauty_health,28
2018-01-08,RJ,tech,46
2018-01-08,RJ,other,70
2018-01-08,MG,home,79
2018-01-08,MG,beauty_health,28
2018-01-08,MG,tech,53
2018-01-08,MG,other,83
2018-01-08,RS,home,24
2018-01-08,RS,beauty_health,16
2018-01-08,RS,tech,12
2018-01-08,RS,other,30
2018-01-08,PR,home,26
2018-01-08,PR,beauty_health,19
2018-01-08,PR,tech,40
2018-01-08,PR,other,34
2018-01-08,SC,home,32
2018-01-08,SC,beauty_health,7
2018-01-08,SC,tech,12
2018-01-08,SC,other,28
2018-01-08,BA,home,16
2018-01-08,BA,beauty_health,7
2018-01-08,BA,tech,12
2018-01-08,BA,other,33
2018-01-08,DF,home,8
2018-01-08,DF,beauty_health,4
2018-01-08,DF,tech,4
2018-01-08,DF,other,5
2018-01-15,SP,home,246
2018-01-15,SP,beauty_health,107
2018-01-15,SP,tech,171
2018-01-15,SP,other,307
2018-01-15,RJ,home,57
2018-01-15,RJ,beauty_health,31
2018-01-15,RJ,tech,53
2018-01-15,RJ,other,73
2018-01-15,MG,home,82
2018-01-15,MG,beauty_health,24
2018-01-15,MG,tech,37
2018-01-15,MG,other,80
2018-01-15,RS,home,26
2018-01-15,RS,beauty_health,18
2018-01-15,RS,tech,14
2018-01-15,RS,other,31
2018-01-15,PR,home,23
2018-01-15,PR,beauty_health,8
2018-01-15,PR,tech,23
2018-01-15,PR,other,36
2018-01-15,SC,home,21
2018-01-15,SC,beauty_health,11
2018-01-15,SC,tech,14
2018-01-15,SC,other,37
2018-01-15,BA,home,10
2018-01-15,BA,beauty_health,9
2018-01-15,BA,tech,16
2018-01-15,BA,other,25
2018-01-15,DF,home,8
2018-01-15,DF,beauty_health,7
2018-01-15,DF,tech,6
2018-01-15,DF,other,13
2018-01-22,SP,home,238
2018-01-22,SP,beauty_health,113
2018-01-22,SP,tech,155
2018-01-22,SP,other,231
2018-01-22,RJ,home,60
2018-01-22,RJ,beauty_health,26
2018-01-22,RJ,tech,52
2018-01-22,RJ,other,59
2018-01-22,MG,home,71
2018-01-22,MG,beauty_health,27
2018-01-22,MG,tech,49
2018-01-22,MG,other,69
2018-01-22,RS,home,35
2018-01-22,RS,beauty_health,12
2018-01-22,RS,tech,19
2018-01-22,RS,other,30
2018-01-22,PR,home,22
2018-01-22,PR,beauty_health,21
2018-01-22,PR,tech,29
2018-01-22,PR,other,30
2018-01-22,SC,home,26
2018-01-22,SC,beauty_health,11
2018-01-22,SC,tech,16
2018-01-22,SC,other,22
2018-01-22,BA,home,6
2018-01-22,BA,beauty_health,3
2018-01-22,BA,tech,20
2018-01-22,BA,other,16
2018-01-22,DF,home,6
2018-01-22,DF,beauty_health,5
2018-01-22,DF,tech,12
2018-01-22,DF,other,12
2018-01-29,SP,home,216
2018-01-29,SP,beauty_health,81
2018-01-29,SP,tech,173
2018-01-29,SP,other,227
2018-01-29,RJ,home,71
2018-01-29,RJ,beauty_health,30
2018-01-29,RJ,tech,68
2018-01-29,RJ,other,72
2018-01-29,MG,home,54
2018-01-29,MG,beauty_health,16
2018-01-29,MG,tech,70
2018-01-29,MG,other,74
2018-01-29,RS,home,31
2018-01-29,RS,beauty_health,12
2018-01-29,RS,tech,17
2018-01-29,RS,other,33
2018-01-29,PR,home,20
2018-01-29,PR,beauty_health,6
2018-01-29,PR,tech,26
2018-01-29,PR,other,30
2018-01-29,SC,home,18
2018-01-29,SC,beauty_health,9
2018-01-29,SC,tech,35
2018-01-29,SC,other,24
2018-01-29,BA,home,9
2018-01-29,BA,beauty_health,4
2018-01-29,BA,tech,21
2018-01-29,BA,other,24
2018-01-29,DF,home,14
2018-01-29,DF,beauty_health,2
2018-01-29,DF,tech,10
2018-01-29,DF,other,22
2018-02-05,SP,home,185
2018-02-05,SP,beauty_health,98
2018-02-05,SP,tech,168
2018-02-05,SP,other,235
2018-02-05,RJ,home,59
2018-02-05,RJ,beauty_health,26
2018-02-05,RJ,tech,59
2018-02-05,RJ,other,56
2018-02-05,MG,home,71
2018-02-05,MG,beauty_health,29
2018-02-05,MG,tech,51
2018-02-05,MG,other,70
2018-02-05,RS,home,31
2018-02-05,RS,beauty_health,13
2018-02-05,RS,tech,30
2018-02-05,RS,other,23
2018-02-05,PR,home,20
2018-02-05,PR,beauty_health,13
2018-02-05,PR,tech,28
2018-02-05,PR,other,23
2018-02-05,SC,home,8
2018-02-05,SC,beauty_health,4
2018-02-05,SC,tech,17
2018-02-05,SC,other,30
2018-02-05,BA,home,21
2018-02-05,BA,beauty_health,4
2018-02-05,BA,tech,8
2018-02-05,BA,other,13
2018-02-05,DF,home,11
2018-02-05,DF,beauty_health,5
2018-02-05,DF,tech,14
2018-02-05,DF,other,14
2018-02-12,SP,home,250
2018-02-12,SP,beauty_health,112
2018-02-12,SP,tech,160
2018-02-12,SP,other,255
2018-02-12,RJ,home,71
2018-02-12,RJ,beauty_health,32
2018-02-12,RJ,tech,74
2018-02-12,RJ,other,41
2018-02-12,MG,home,48
2018-02-12,MG,beauty_health,36
2018-02-12,MG,tech,49
2018-02-12,MG,other,52
2018-02-12,RS,home,23
2018-02-12,RS,beauty_health,9
2018-02-12,RS,tech,25
2018-02-12,RS,other,40
2018-02-12,PR,home,25
2018-02-12,PR,beauty_health,6
2018-02-12,PR,tech,29
2018-02-12,PR,other,34
2018-02-12,SC,home,21
2018-02-12,SC,beauty_health,10
2018-02-12,SC,tech,25
2018-02-12,SC,other,22
2018-02-12,BA,home,11
2018-02-12,BA,beauty_health,9
2018-02-12,BA,tech,15
2018-02-12,BA,other,24
2018-02-12,DF,home,8
2018-02-12,DF,beauty_health,9
2018-02-12,DF,tech,10
2018-02-12,DF,other,20
2018-02-19,SP,home,196
2018-02-19,SP,beauty_health,124
2018-02-19,SP,tech,218
2018-02-19,SP,other,223
2018-02-19,RJ,home,78
2018-02-19,RJ,beauty_health,26
2018-02-19,RJ,tech,81
2018-02-19,RJ,other,99
2018-02-19,MG,home,53
2018-02-19,MG,beauty_health,26
2018-02-19,MG,tech,62
2018-02-19,MG,other,79
2018-02-19,RS,home,30
2018-02-19,RS,beauty_health,18
2018-02-19,RS,tech,38
2018-02-19,RS,other,41
2018-02-19,PR,home,16
2018-02-19,PR,beauty_health,15
2018-02-19,PR,tech,26
2018-02-19,PR,other,34
2018-02-19,SC,home,19
2018-02-19,SC,beauty_health,5
2018-02-19,SC,tech,23
2018-02-19,SC,other,31
2018-02-19,BA,home,17
2018-02-19,BA,beauty_health,6
2018-02-19,BA,tech,13
2018-02-19,BA,other,26
2018-02-19,DF,home,9
2018-02-19,DF,beauty_health,6
2018-02-19,DF,tech,16
2018-02-19,DF,other,11
2018-02-26,SP,home,224
2018-02-26,SP,beauty_health,115
2018-02-26,SP,tech,180
2018-02-26,SP,other,271
2018-02-26,RJ,home,95
2018-02-26,RJ,beauty_health,27
2018-02-26,RJ,tech,84
2018-02-26,RJ,other,106
2018-02-26,MG,home,61
2018-02-26,MG,beauty_health,28
2018-02-26,MG,tech,66
2018-02-26,MG,other,82
2018-02-26,RS,home,30
2018-02-26,RS,beauty_health,22
2018-02-26,RS,tech,23
2018-02-26,RS,other,41
2018-02-26,PR,home,32
2018-02-26,PR,beauty_health,17
2018-02-26,PR,tech,34
2018-02-26,PR,other,41
2018-02-26,SC,home,13
2018-02-26,SC,beauty_health,15
2018-02-26,SC,tech,22
2018-02-26,SC,other,30
2018-02-26,BA,home,18
2018-02-26,BA,beauty_health,8
2018-02-26,BA,tech,19
2018-02-26,BA,other,19
2018-02-26,DF,home,12
2018-02-26,DF,beauty_health,5
2018-02-26,DF,tech,11
2018-02-26,DF,other,14
2018-03-05,SP,home,184
2018-03-05,SP,beauty_health,94
2018-03-05,SP,tech,150
2018-03-05,SP,other,269
2018-03-05,RJ,home,72
2018-03-05,RJ,beauty_health,26
2018-03-05,RJ,tech,60
2018-03-05,RJ,other,77
2018-03-05,MG,home,70
2018-03-05,MG,beauty_health,39
2018-03-05,MG,tech,51
2018-03-05,MG,other,74
2018-03-05,RS,home,27
2018-03-05,RS,beauty_health,7
2018-03-05,RS,tech,21
2018-03-05,RS,other,35
2018-03-05,PR,home,26
2018-03-05,PR,beauty_health,11
2018-03-05,PR,tech,22
2018-03-05,PR,other,30
2018-03-05,SC,home,20
2018-03-05,SC,beauty_health,5
2018-03-05,SC,tech,8
2018-03-05,SC,other,25
2018-03-05,BA,home,25
2018-03-05,BA,beauty_health,3
2018-03-05,BA,tech,13
2018-03-05,BA,other,26
2018-03-05,DF,home,13
2018-03-05,DF,beauty_health,8
2018-03-05,DF,tech,4
2018-03-05,DF,other,13
2018-03-12,SP,home,197
2018-03-12,SP,beauty_health,111
2018-03-12,SP,tech,150
2018-03-12,SP,other,270
2018-03-12,RJ,home,68
2018-03-12,RJ,beauty_health,29
2018-03-12,RJ,tech,48
2018-03-12,RJ,other,72
2018-03-12,MG,home,53
2018-03-12,MG,beauty_health,32
2018-03-12,MG,tech,48
2018-03-12,MG,other,69
2018-03-12,RS,home,34
2018-03-12,RS,beauty_health,10
2018-03-12,RS,tech,24
2018-03-12,RS,other,32
2018-03-12,PR,home,23
2018-03-12,PR,beauty_health,10
2018-03-12,PR,tech,22
2018-03-12,PR,other,49
2018-03-12,SC,home,25
2018-03-12,SC,beauty_health,4
2018-03-12,SC,tech,20
2018-03-12,SC,other,10
2018-03-12,BA,home,15
2018-03-12,BA,beauty_health,5
2018-03-12,BA,tech,18
2018-03-12,BA,other,27
2018-03-12,DF,home,9
2018-03-12,DF,beauty_health,4
2018-03-12,DF,tech,9
2018-03-12,DF,other,11
2018-03-19,SP,home,267
2018-03-19,SP,beauty_health,126
2018-03-19,SP,tech,188
2018-03-19,SP,other,316
2018-03-19,RJ,home,67
2018-03-19,RJ,beauty_health,16
2018-03-19,RJ,tech,46
2018-03-19,RJ,other,59
2018-03-19,MG,home,80
2018-03-19,MG,beauty_health,29
2018-03-19,MG,tech,44
2018-03-19,MG,other,81
2018-03-19,RS,home,39
2018-03-19,RS,beauty_health,11
2018-03-19,RS,tech,26
2018-03-19,RS,other,37
2018-03-19,PR,home,27
2018-03-19,PR,beauty_health,6
2018-03-19,PR,tech,21
2018-03-19,PR,other,34
2018-03-19,SC,home,24
2018-03-19,SC,beauty_health,7
2018-03-19,SC,tech,14
2018-03-19,SC,other,29
2018-03-19,BA,home,6
2018-03-19,BA,beauty_health,10
2018-03-19,BA,tech,16
2018-03-19,BA,other,17
2018-03-19,DF,home,12
2018-03-19,DF,beauty_health,6
2018-03-19,DF,tech,5
2018-03-19,DF,other,11
2018-03-26,SP,home,201
2018-03-26,SP,beauty_health,102
2018-03-26,SP,tech,160
2018-03-26,SP,other,246
2018-03-26,RJ,home,81
2018-03-26,RJ,beauty_health,22
2018-03-26,RJ,tech,42
2018-03-26,RJ,other,64
2018-03-26,MG,home,61
2018-03-26,MG,beauty_health,17
2018-03-26,MG,tech,33
2018-03-26,MG,other,59
2018-03-26,RS,home,27
2018-03-26,RS,beauty_health,4
2018-03-26,RS,tech,26
2018-03-26,RS,other,37
2018-03-26,PR,home,25
2018-03-26,PR,beauty_health,12
2018-03-26,PR,tech,20
2018-03-26,PR,other,31
2018-03-26,SC,home,13
2018-03-26,SC,beauty_health,2
2018-03-26,SC,tech,18
2018-03-26,SC,other,20
2018-03-26,BA,home,18
2018-03-26,BA,beauty_health,4
2018-03-26,BA,tech,12
2018-03-26,BA,other,22
2018-03-26,DF,home,9
2018-03-26,DF,beauty_health,1
2018-03-26,DF,tech,11
2018-03-26,DF,other,16
2018-04-02,SP,home,259
2018-04-02,SP,beauty_health,122
2018-04-02,SP,tech,168
2018-04-02,SP,other,280
2018-04-02,RJ,home,75
2018-04-02,RJ,beauty_health,19
2018-04-02,RJ,tech,35
2018-04-02,RJ,other,72
2018-04-02,MG,home,53
2018-04-02,MG,beauty_health,27
2018-04-02,MG,tech,30
2018-04-02,MG,other,60
2018-04-02,RS,home,28
2018-04-02,RS,beauty_health,8
2018-04-02,RS,tech,13
2018-04-02,RS,other,30
2018-04-02,PR,home,22
2018-04-02,PR,beauty_health,9
2018-04-02,PR,tech,16
2018-04-02,PR,other,44
2018-04-02,SC,home,14
2018-04-02,SC,beauty_health,4
2018-04-02,SC,tech,11
2018-04-02,SC,other,22
2018-04-02,BA,home,17
2018-04-02,BA,beauty_health,11
2018-04-02,BA,tech,10
2018-04-02,BA,other,20
2018-04-02,DF,home,8
2018-04-02,DF,beauty_health,0
2018-04-02,DF,tech,9
2018-04-02,DF,other,10
2018-04-09,SP,home,261
2018-04-09,SP,beauty_health,134
2018-04-09,SP,tech,142
2018-04-09,SP,other,270
2018-04-09,RJ,home,67
2018-04-09,RJ,beauty_health,28
2018-04-09,RJ,tech,28
2018-04-09,RJ,other,75
2018-04-09,MG,home,66
2018-04-09,MG,beauty_health,28
2018-04-09,MG,tech,45
2018-04-09,MG,other,67
2018-04-09,RS,home,31
2018-04-09,RS,beauty_health,6
2018-04-09,RS,tech,17
2018-04-09,RS,other,37
2018-04-09,PR,home,37
2018-04-09,PR,beauty_health,10
2018-04-09,PR,tech,12
2018-04-09,PR,other,35
2018-04-09,SC,home,19
2018-04-09,SC,beauty_health,8
2018-04-09,SC,tech,9
2018-04-09,SC,other,30
2018-04-09,BA,home,12
2018-04-09,BA,beauty_health,4
2018-04-09,BA,tech,9
2018-04-09,BA,other,20
2018-04-09,DF,home,5
2018-04-09,DF,beauty_health,5
2018-04-09,DF,tech,6
2018-04-09,DF,other,19
2018-04-16,SP,home,275
2018-04-16,SP,beauty_health,94
2018-04-16,SP,tech,131
2018-04-16,SP,other,278
2018-04-16,RJ,home,78
2018-04-16,RJ,beauty_health,31
2018-04-16,RJ,tech,44
2018-04-16,RJ,other,85
2018-04-16,MG,home,70
2018-04-16,MG,beauty_health,24
2018-04-16,MG,tech,46
2018-04-16,MG,other,68
2018-04-16,RS,home,38
2018-04-16,RS,beauty_health,11
2018-04-16,RS,tech,23
2018-04-16,RS,other,38
2018-04-16,PR,home,44
2018-04-16,PR,beauty_health,10
2018-04-16,PR,tech,27
2018-04-16,PR,other,31
2018-04-16,SC,home,29
2018-04-16,SC,beauty_health,21
2018-04-16,SC,tech,8
2018-04-16,SC,other,31
2018-04-16,BA,home,15
2018-04-16,BA,beauty_health,10
2018-04-16,BA,tech,14
2018-04-16,BA,other,8
2018-04-16,DF,home,17
2018-04-16,DF,beauty_health,11
2018-04-16,DF,tech,9
2018-04-16,DF,other,9
2018-04-23,SP,home,256
2018-04-23,SP,beauty_health,111
2018-04-23,SP,tech,161
2018-04-23,SP,other,278
2018-04-23,RJ,home,64
2018-04-23,RJ,beauty_health,18
2018-04-23,RJ,tech,51
2018-04-23,RJ,other,82
2018-04-23,MG,home,71
2018-04-23,MG,beauty_health,23
2018-04-23,MG,tech,40
2018-04-23,MG,other,62
2018-04-23,RS,home,31
2018-04-23,RS,beauty_health,12
2018-04-23,RS,tech,19
2018-04-23,RS,other,16
2018-04-23,PR,home,36
2018-04-23,PR,beauty_health,11
2018-04-23,PR,tech,30
2018-04-23,PR,other,48
2018-04-23,SC,home,29
2018-04-23,SC,beauty_health,13
2018-04-23,SC,tech,13
2018-04-23,SC,other,19
2018-04-23,BA,home,12
2018-04-23,BA,beauty_health,9
2018-04-23,BA,tech,15
2018-04-23,BA,other,22
2018-04-23,DF,home,7
2018-04-23,DF,beauty_health,9
2018-04-23,DF,tech,8
2018-04-23,DF,other,13
2018-04-30,SP,home,247
2018-04-30,SP,beauty_health,158
2018-04-30,SP,tech,166
2018-04-30,SP,other,265
2018-04-30,RJ,home,78
2018-04-30,RJ,beauty_health,30
2018-04-30,RJ,tech,59
2018-04-30,RJ,other,74
2018-04-30,MG,home,82
2018-04-30,MG,beauty_health,27
2018-04-30,MG,tech,41
2018-04-30,MG,other,63
2018-04-30,RS,home,50
2018-04-30,RS,beauty_health,19
2018-04-30,RS,tech,18
2018-04-30,RS,other,36
2018-04-30,PR,home,27
2018-04-30,PR,beauty_health,14
2018-04-30,PR,tech,31
2018-04-30,PR,other,18
2018-04-30,SC,home,22
2018-04-30,SC,beauty_health,8
2018-04-30,SC,tech,11
2018-04-30,SC,other,25
2018-04-30,BA,home,34
2018-04-30,BA,beauty_health,8
2018-04-30,BA,tech,24
2018-04-30,BA,other,20
2018-04-30,DF,home,18
2018-04-30,DF,beauty_health,2
2018-04-30,DF,tech,4
2018-04-30,DF,other,14
2018-05-07,SP,home,282
2018-05-07,SP,beauty_health,147
2018-05-07,SP,tech,172
2018-05-07,SP,other,308
2018-05-07,RJ,home,89
2018-05-07,RJ,beauty_health,29
2018-05-07,RJ,tech,82
2018-05-07,RJ,other,88
2018-05-07,MG,home,79
2018-05-07,MG,beauty_health,34
2018-05-07,MG,tech,54
2018-05-07,MG,other,108
2018-05-07,RS,home,40
2018-05-07,RS,beauty_health,7
2018-05-07,RS,tech,23
2018-05-07,RS,other,39
2018-05-07,PR,home,33
2018-05-07,PR,beauty_health,15
2018-05-07,PR,tech,17
2018-05-07,PR,other,41
2018-05-07,SC,home,19
2018-05-07,SC,beauty_health,16
2018-05-07,SC,tech,19
2018-05-07,SC,other,25
2018-05-07,BA,home,15
2018-05-07,BA,beauty_health,16
2018-05-07,BA,tech,18
2018-05-07,BA,other,30
2018-05-07,DF,home,11
2018-05-07,DF,beauty_health,6
2018-05-07,DF,tech,9
2018-05-07,DF,other,16
2018-05-14,SP,home,359
2018-05-14,SP,beauty_health,146
2018-05-14,SP,tech,198
2018-05-14,SP,other,319
2018-05-14,RJ,home,85
2018-05-14,RJ,beauty_health,43
2018-05-14,RJ,tech,34
2018-05-14,RJ,other,88
2018-05-14,MG,home,80
2018-05-14,MG,beauty_health,35
2018-05-14,MG,tech,44
2018-05-14,MG,other,74
2018-05-14,RS,home,48
2018-05-14,RS,beauty_health,10
2018-05-14,RS,tech,20
2018-05-14,RS,other,41
2018-05-14,PR,home,33
2018-05-14,PR,beauty_health,5
2018-05-14,PR,tech,15
2018-05-14,PR,other,28
2018-05-14,SC,home,30
2018-05-14,SC,beauty_health,8
2018-05-14,SC,tech,11
2018-05-14,SC,other,23
2018-05-14,BA,home,20
2018-05-14,BA,beauty_health,5
2018-05-14,BA,tech,14
2018-05-14,BA,other,13
2018-05-14,DF,home,12
2018-05-14,DF,beauty_health,5
2018-05-14,DF,tech,5
2018-05-14,DF,other,21
2018-05-21,SP,home,230
2018-05-21,SP,beauty_health,96
2018-05-21,SP,tech,99
2018-05-21,SP,other,176
2018-05-21,RJ,home,38
2018-05-21,RJ,beauty_health,9
2018-05-21,RJ,tech,26
2018-05-21,RJ,other,32
2018-05-21,MG,home,37
2018-05-21,MG,beauty_health,5
2018-05-21,MG,tech,17
2018-05-21,MG,other,35
2018-05-21,RS,home,20
2018-05-21,RS,beauty_health,6
2018-05-21,RS,tech,8
2018-05-21,RS,other,8
2018-05-21,PR,home,10
2018-05-21,PR,beauty_health,7
2018-05-21,PR,tech,10
2018-05-21,PR,other,21
2018-05-21,SC,home,14
2018-05-21,SC,beauty_health,3
2018-05-21,SC,tech,12
2018-05-21,SC,other,14
2018-05-21,BA,home,7
2018-05-21,BA,beauty_health,4
2018-05-21,BA,tech,4
2018-05-21,BA,other,5
2018-05-21,DF,home,1
2018-05-21,DF,beauty_health,2
2018-05-21,DF,tech,4
2018-05-21,DF,other,7
2018-05-28,SP,home,213
2018-05-28,SP,beauty_health,96
2018-05-28,SP,tech,95
2018-05-28,SP,other,152
2018-05-28,RJ,home,60
2018-05-28,RJ,beauty_health,20
2018-05-28,RJ,tech,24
2018-05-28,RJ,other,42
2018-05-28,MG,home,54
2018-05-28,MG,beauty_health,19
2018-05-28,MG,tech,22
2018-05-28,MG,other,33
2018-05-28,RS,home,26
2018-05-28,RS,beauty_health,7
2018-05-28,RS,tech,8
2018-05-28,RS,other,22
2018-05-28,PR,home,13
2018-05-28,PR,beauty_health,4
2018-05-28,PR,tech,8
2018-05-28,PR,other,22
2018-05-28,SC,home,10
2018-05-28,SC,beauty_health,3
2018-05-28,SC,tech,6
2018-05-28,SC,other,6
2018-05-28,BA,home,14
2018-05-28,BA,beauty_health,8
2018-05-28,BA,tech,16
2018-05-28,BA,other,18
2018-05-28,DF,home,9
2018-05-28,DF,beauty_health,5
2018-05-28,DF,tech,8
2018-05-28,DF,other,6
2018-06-04,SP,home,288
2018-06-04,SP,beauty_health,126
2018-06-04,SP,tech,120
2018-06-04,SP,other,222
2018-06-04,RJ,home,54
2018-06-04,RJ,beauty_health,31
2018-06-04,RJ,tech,39
2018-06-04,RJ,other,47
2018-06-04,MG,home,70
2018-06-04,MG,beauty_health,26
2018-06-04,MG,tech,24
2018-06-04,MG,other,53
2018-06-04,RS,home,41
2018-06-04,RS,beauty_health,10
2018-06-04,RS,tech,9
2018-06-04,RS,other,21
2018-06-04,PR,home,28
2018-06-04,PR,beauty_health,11
2018-06-04,PR,tech,11
2018-06-04,PR,other,41
2018-06-04,SC,home,18
2018-06-04,SC,beauty_health,13
2018-06-04,SC,tech,14
2018-06-04,SC,other,17
2018-06-04,BA,home,5
2018-06-04,BA,beauty_health,8
2018-06-04,BA,tech,13
2018-06-04,BA,other,22
2018-06-04,DF,home,10
2018-06-04,DF,beauty_health,4
2018-06-04,DF,tech,3
2018-06-04,DF,other,9
2018-06-11,SP,home,249
2018-06-11,SP,beauty_health,146
2018-06-11,SP,tech,121
2018-06-11,SP,other,225
2018-06-11,RJ,home,69
2018-06-11,RJ,beauty_health,33
2018-06-11,RJ,tech,45
2018-06-11,RJ,other,69
2018-06-11,MG,home,69
2018-06-11,MG,beauty_health,50
2018-06-11,MG,tech,45
2018-06-11,MG,other,47
2018-06-11,RS,home,23
2018-06-11,RS,beauty_health,9
2018-06-11,RS,tech,11
2018-06-11,RS,other,17
2018-06-11,PR,home,26
2018-06-11,PR,beauty_health,11
2018-06-11,PR,tech,14
2018-06-11,PR,other,27
2018-06-11,SC,home,15
2018-06-11,SC,beauty_health,9
2018-06-11,SC,tech,16
2018-06-11,SC,other,22
2018-06-11,BA,home,18
2018-06-11,BA,beauty_health,5
2018-06-11,BA,tech,16
2018-06-11,BA,other,18
2018-06-11,DF,home,5
2018-06-11,DF,beauty_health,9
2018-06-11,DF,tech,11
2018-06-11,DF,other,15
2018-06-18,SP,home,248
2018-06-18,SP,beauty_health,137
2018-06-18,SP,tech,126
2018-06-18,SP,other,234
2018-06-18,RJ,home,47
2018-06-18,RJ,beauty_health,33
2018-06-18,RJ,tech,40
2018-06-18,RJ,other,43
2018-06-18,MG,home,54
2018-06-18,MG,beauty_health,36
2018-06-18,MG,tech,39
2018-06-18,MG,other,65
2018-06-18,RS,home,24
2018-06-18,RS,beauty_health,11
2018-06-18,RS,tech,20
2018-06-18,RS,other,19
2018-06-18,PR,home,30
2018-06-18,PR,beauty_health,15
2018-06-18,PR,tech,9
2018-06-18,PR,other,23
2018-06-18,SC,home,22
2018-06-18,SC,beauty_health,8
2018-06-18,SC,tech,20
2018-06-18,SC,other,14
2018-06-18,BA,home,12
2018-06-18,BA,beauty_health,9
2018-06-18,BA,tech,9
2018-06-18,BA,other,7
2018-06-18,DF,home,9
2018-06-18,DF,beauty_health,5
2018-06-18,DF,tech,11
2018-06-18,DF,other,12
2018-06-25,SP,home,239
2018-06-25,SP,beauty_health,114
2018-06-25,SP,tech,144
2018-06-25,SP,other,214
2018-06-25,RJ,home,67
2018-06-25,RJ,beauty_health,16
2018-06-25,RJ,tech,36
2018-06-25,RJ,other,42
2018-06-25,MG,home,61
2018-06-25,MG,beauty_health,25
2018-06-25,MG,tech,40
2018-06-25,MG,other,55
2018-06-25,RS,home,34
2018-06-25,RS,beauty_health,13
2018-06-25,RS,tech,20
2018-06-25,RS,other,20
2018-06-25,PR,home,30
2018-06-25,PR,beauty_health,15
2018-06-25,PR,tech,20
2018-06-25,PR,other,28
2018-06-25,SC,home,16
2018-06-25,SC,beauty_health,7
2018-06-25,SC,tech,10
2018-06-25,SC,other,16
2018-06-25,BA,home,25
2018-06-25,BA,beauty_health,7
2018-06-25,BA,tech,5
2018-06-25,BA,other,16
2018-06-25,DF,home,9
2018-06-25,DF,beauty_health,4
2018-06-25,DF,tech,6
2018-06-25,DF,other,9
2018-07-02,SP,home,212
2018-07-02,SP,beauty_health,103
2018-07-02,SP,tech,95
2018-07-02,SP,other,213
2018-07-02,RJ,home,51
2018-07-02,RJ,beauty_health,26
2018-07-02,RJ,tech,27
2018-07-02,RJ,other,29
2018-07-02,MG,home,33
2018-07-02,MG,beauty_health,38
2018-07-02,MG,tech,22
2018-07-02,MG,other,44
2018-07-02,RS,home,35
2018-07-02,RS,beauty_health,9
2018-07-02,RS,tech,12
2018-07-02,RS,other,18
2018-07-02,PR,home,18
2018-07-02,PR,beauty_health,11
2018-07-02,PR,tech,15
2018-07-02,PR,other,20
2018-07-02,SC,home,9
2018-07-02,SC,beauty_health,4
2018-07-02,SC,tech,9
2018-07-02,SC,other,15
2018-07-02,BA,home,12
2018-07-02,BA,beauty_health,5
2018-07-02,BA,tech,7
2018-07-02,BA,other,12
2018-07-02,DF,home,8
2018-07-02,DF,beauty_health,3
2018-07-02,DF,tech,4
2018-07-02,DF,other,9
2018-07-09,SP,home,96
2018-07-09,SP,beauty_health,70
2018-07-09,SP,tech,75
2018-07-09,SP,other,133
2018-07-09,RJ,home,36
2018-07-09,RJ,beauty_health,9
2018-07-09,RJ,tech,20
2018-07-09,RJ,other,43
2018-07-09,MG,home,20
2018-07-09,MG,beauty_health,19
2018-07-09,MG,tech,26
2018-07-09,MG,other,24
2018-07-09,RS,home,14
2018-07-09,RS,beauty_health,11
2018-07-09,RS,tech,19
2018-07-09,RS,other,16
2018-07-09,PR,home,18
2018-07-09,PR,beauty_health,9
2018-07-09,PR,tech,21
2018-07-09,PR,other,20
2018-07-09,SC,home,12
2018-07-09,SC,beauty_health,3
2018-07-09,SC,tech,9
2018-07-09,SC,other,15
2018-07-09,BA,home,12
2018-07-09,BA,beauty_health,7
2018-07-09,BA,tech,12
2018-07-09,BA,other,16
2018-07-09,DF,home,10
2018-07-09,DF,beauty_health,8
2018-07-09,DF,tech,3
2018-07-09,DF,other,8
2018-07-16,SP,home,263
2018-07-16,SP,beauty_health,126
2018-07-16,SP,tech,127
2018-07-16,SP,other,228
2018-07-16,RJ,home,75
2018-07-16,RJ,beauty_health,30
2018-07-16,RJ,tech,51
2018-07-16,RJ,other,68
2018-07-16,MG,home,47
2018-07-16,MG,beauty_health,33
2018-07-16,MG,tech,51
2018-07-16,MG,other,80
2018-07-16,RS,home,35
2018-07-16,RS,beauty_health,17
2018-07-16,RS,tech,25
2018-07-16,RS,other,19
2018-07-16,PR,home,34
2018-07-16,PR,beauty_health,9
2018-07-16,PR,tech,27
2018-07-16,PR,other,35
2018-07-16,SC,home,20
2018-07-16,SC,beauty_health,4
2018-07-16,SC,tech,9
2018-07-16,SC,other,27
2018-07-16,BA,home,13
2018-07-16,BA,beauty_health,20
2018-07-16,BA,tech,5
2018-07-16,BA,other,27
2018-07-16,DF,home,14
2018-07-16,DF,beauty_health,5
2018-07-16,DF,tech,11
2018-07-16,DF,other,13
2018-07-23,SP,home,262
2018-07-23,SP,beauty_health,141
2018-07-23,SP,tech,141
2018-07-23,SP,other,291
2018-07-23,RJ,home,82
2018-07-23,RJ,beauty_health,27
2018-07-23,RJ,tech,29
2018-07-23,RJ,other,62
2018-07-23,MG,home,65
2018-07-23,MG,beauty_health,20
2018-07-23,MG,tech,26
2018-07-23,MG,other,51
2018-07-23,RS,home,38
2018-07-23,RS,beauty_health,10
2018-07-23,RS,tech,12
2018-07-23,RS,other,35
2018-07-23,PR,home,32
2018-07-23,PR,beauty_health,16
2018-07-23,PR,tech,16
2018-07-23,PR,other,27
2018-07-23,SC,home,16
2018-07-23,SC,beauty_health,8
2018-07-23,SC,tech,11
2018-07-23,SC,other,19
2018-07-23,BA,home,12
2018-07-23,BA,beauty_health,14
2018-07-23,BA,tech,17
2018-07-23,BA,other,31
2018-07-23,DF,home,11
2018-07-23,DF,beauty_health,7
2018-07-23,DF,tech,12
2018-07-23,DF,other,20
2018-07-30,SP,home,331
2018-07-30,SP,beauty_health,188
2018-07-30,SP,tech,180
2018-07-30,SP,other,351
2018-07-30,RJ,home,87
2018-07-30,RJ,beauty_health,40
2018-07-30,RJ,tech,45
2018-07-30,RJ,other,83
2018-07-30,MG,home,72
2018-07-30,MG,beauty_health,42
2018-07-30,MG,tech,53
2018-07-30,MG,other,84
2018-07-30,RS,home,44
2018-07-30,RS,beauty_health,15
2018-07-30,RS,tech,24
2018-07-30,RS,other,19
2018-07-30,PR,home,25
2018-07-30,PR,beauty_health,16
2018-07-30,PR,tech,23
2018-07-30,PR,other,33
2018-07-30,SC,home,11
2018-07-30,SC,beauty_health,9
2018-07-30,SC,tech,5
2018-07-30,SC,other,27
2018-07-30,BA,home,12
2018-07-30,BA,beauty_health,13
2018-07-30,BA,tech,11
2018-07-30,BA,other,27
2018-07-30,DF,home,15
2018-07-30,DF,beauty_health,12
2018-07-30,DF,tech,8
2018-07-30,DF,other,13
2018-08-06,SP,home,298
2018-08-06,SP,beauty_health,169
2018-08-06,SP,tech,158
2018-08-06,SP,other,370
2018-08-06,RJ,home,76
2018-08-06,RJ,beauty_health,36
2018-08-06,RJ,tech,39
2018-08-06,RJ,other,80
2018-08-06,MG,home,66
2018-08-06,MG,beauty_health,42
2018-08-06,MG,tech,35
2018-08-06,MG,other,77
2018-08-06,RS,home,50
2018-08-06,RS,beauty_health,12
2018-08-06,RS,tech,23
2018-08-06,RS,other,33
2018-08-06,PR,home,50
2018-08-06,PR,beauty_health,18
2018-08-06,PR,tech,25
2018-08-06,PR,other,32
2018-08-06,SC,home,35
2018-08-06,SC,beauty_health,6
2018-08-06,SC,tech,12
2018-08-06,SC,other,27
2018-08-06,BA,home,9
2018-08-06,BA,beauty_health,16
2018-08-06,BA,tech,13
2018-08-06,BA,other,19
2018-08-06,DF,home,12
2018-08-06,DF,beauty_health,8
2018-08-06,DF,tech,10
2018-08-06,DF,other,14
2018-08-13,SP,home,335
2018-08-13,SP,beauty_health,136
2018-08-13,SP,tech,152
2018-08-13,SP,other,357
2018-08-13,RJ,home,81
2018-08-13,RJ,beauty_health,29
2018-08-13,RJ,tech,50
2018-08-13,RJ,other,76
2018-08-13,MG,home,69
2018-08-13,MG,beauty_health,27
2018-08-13,MG,tech,31
2018-08-13,MG,other,59
2018-08-13,RS,home,28
2018-08-13,RS,beauty_health,19
2018-08-13,RS,tech,14
2018-08-13,RS,other,43
2018-08-13,PR,home,28
2018-08-13,PR,beauty_health,21
2018-08-13,PR,tech,16
2018-08-13,PR,other,37
2018-08-13,SC,home,20
2018-08-13,SC,beauty_health,12
2018-08-13,SC,tech,9
2018-08-13,SC,other,29
2018-08-13,BA,home,11
2018-08-13,BA,beauty_health,7
2018-08-13,BA,tech,12
2018-08-13,BA,other,13
2018-08-13,DF,home,6
2018-08-13,DF,beauty_health,9
2018-08-13,DF,tech,7
2018-08-13,DF,other,13
