week,region,category,demand
1,R1_London,essentials,1414
1,R2_SouthEast,essentials,865
1,R3_Midlands,essentials,695
1,R4_NorthWest,essentials,712
1,R5_NorthEast,essentials,477
1,R6_SouthWest,essentials,453
1,R1_London,outdoor,343
1,R2_SouthEast,outdoor,199
1,R3_Midlands,outdoor,181
1,R4_NorthWest,outdoor,182
1,R5_NorthEast,outdoor,132
1,R6_SouthWest,outdoor,121
1,R1_London,gifting,1063
1,R2_SouthEast,gifting,610
1,R3_Midlands,gifting,556
1,R4_NorthWest,gifting,531
1,R5_NorthEast,gifting,365
1,R6_SouthWest,gifting,339
2,R1_London,essentials,1379
2,R2_SouthEast,essentials,848
2,R3_Midlands,essentials,769
2,R4_NorthWest,essentials,684
2,R5_NorthEast,essentials,520
2,R6_SouthWest,essentials,441
2,R1_London,outdoor,343
2,R2_SouthEast,outdoor,205
2,R3_Midlands,outdoor,173
2,R4_NorthWest,outdoor,148
2,R5_NorthEast,outdoor,125
2,R6_SouthWest,outdoor,111
2,R1_London,gifting,1063
2,R2_SouthEast,gifting,634
2,R3_Midlands,gifting,539
2,R4_NorthWest,gifting,553
2,R5_NorthEast,gifting,345
2,R6_SouthWest,gifting,338
3,R1_London,essentials,1393
3,R2_SouthEast,essentials,846
3,R3_Midlands,essentials,767
3,R4_NorthWest,essentials,711
3,R5_NorthEast,essentials,483
3,R6_SouthWest,essentials,437
3,R1_London,outdoor,322
3,R2_SouthEast,outdoor,186
3,R3_Midlands,outdoor,168
3,R4_NorthWest,outdoor,145
3,R5_NorthEast,outdoor,136
3,R6_SouthWest,outdoor,117
3,R1_London,gifting,1023
3,R2_SouthEast,gifting,578
3,R3_Midlands,gifting,545
3,R4_NorthWest,gifting,501
3,R5_NorthEast,gifting,356
3,R6_SouthWest,gifting,357
4,R1_London,essentials,1379
4,R2_SouthEast,essentials,839
4,R3_Midlands,essentials,694
4,R4_NorthWest,essentials,627
4,R5_NorthEast,essentials,497
4,R6_SouthWest,essentials,430
4,R1_London,outdoor,332
4,R2_SouthEast,outdoor,200
4,R3_Midlands,outdoor,208
4,R4_NorthWest,outdoor,175
4,R5_NorthEast,outdoor,120
4,R6_SouthWest,outdoor,130
4,R1_London,gifting,997
4,R2_SouthEast,gifting,587
4,R3_Midlands,gifting,529
4,R4_NorthWest,gifting,472
4,R5_NorthEast,gifting,339
4,R6_SouthWest,gifting,321
5,R1_London,essentials,1410
5,R2_SouthEast,essentials,789
5,R3_Midlands,essentials,716
5,R4_NorthWest,essentials,696
5,R5_NorthEast,essentials,532
5,R6_SouthWest,essentials,450
5,R1_London,outdoor,325
5,R2_SouthEast,outdoor,186
5,R3_Midlands,outdoor,199
5,R4_NorthWest,outdoor,187
5,R5_NorthEast,outdoor,124
5,R6_SouthWest,outdoor,121
5,R1_London,gifting,954
5,R2_SouthEast,gifting,597
5,R3_Midlands,gifting,559
5,R4_NorthWest,gifting,453
5,R5_NorthEast,gifting,332
5,R6_SouthWest,gifting,327
6,R1_London,essentials,1344
6,R2_SouthEast,essentials,828
6,R3_Midlands,essentials,701
6,R4_NorthWest,essentials,655
6,R5_NorthEast,essentials,519
6,R6_SouthWest,essentials,440
6,R1_London,outdoor,363
6,R2_SouthEast,outdoor,192
6,R3_Midlands,outdoor,212
6,R4_NorthWest,outdoor,168
6,R5_NorthEast,outdoor,133
6,R6_SouthWest,outdoor,104
6,R1_London,gifting,983
6,R2_SouthEast,gifting,553
6,R3_Midlands,gifting,517
6,R4_NorthWest,gifting,445
6,R5_NorthEast,gifting,345
6,R6_SouthWest,gifting,314
7,R1_London,essentials,1361
7,R2_SouthEast,essentials,837
7,R3_Midlands,essentials,730
7,R4_NorthWest,essentials,666
7,R5_NorthEast,essentials,527
7,R6_SouthWest,essentials,417
7,R1_London,outdoor,348
7,R2_SouthEast,outdoor,214
7,R3_Midlands,outdoor,222
7,R4_NorthWest,outdoor,177
7,R5_NorthEast,outdoor,120
7,R6_SouthWest,outdoor,100
7,R1_London,gifting,816
7,R2_SouthEast,gifting,540
7,R3_Midlands,gifting,458
7,R4_NorthWest,gifting,468
7,R5_NorthEast,gifting,279
7,R6_SouthWest,gifting,279
8,R1_London,essentials,1375
8,R2_SouthEast,essentials,755
8,R3_Midlands,essentials,731
8,R4_NorthWest,essentials,712
8,R5_NorthEast,essentials,541
8,R6_SouthWest,essentials,480
8,R1_London,outdoor,414
8,R2_SouthEast,outdoor,251
8,R3_Midlands,outdoor,213
8,R4_NorthWest,outdoor,216
8,R5_NorthEast,outdoor,141
8,R6_SouthWest,outdoor,124
8,R1_London,gifting,830
8,R2_SouthEast,gifting,480
8,R3_Midlands,gifting,435
8,R4_NorthWest,gifting,409
8,R5_NorthEast,gifting,334
8,R6_SouthWest,gifting,269
9,R1_London,essentials,1402
9,R2_SouthEast,essentials,843
9,R3_Midlands,essentials,735
9,R4_NorthWest,essentials,698
9,R5_NorthEast,essentials,511
9,R6_SouthWest,essentials,425
9,R1_London,outdoor,394
9,R2_SouthEast,outdoor,271
9,R3_Midlands,outdoor,241
9,R4_NorthWest,outdoor,245
9,R5_NorthEast,outdoor,160
9,R6_SouthWest,outdoor,146
9,R1_London,gifting,784
9,R2_SouthEast,gifting,465
9,R3_Midlands,gifting,432
9,R4_NorthWest,gifting,389
9,R5_NorthEast,gifting,317
9,R6_SouthWest,gifting,237
10,R1_London,essentials,1365
10,R2_SouthEast,essentials,833
10,R3_Midlands,essentials,706
10,R4_NorthWest,essentials,695
10,R5_NorthEast,essentials,485
10,R6_SouthWest,essentials,425
10,R1_London,outdoor,503
10,R2_SouthEast,outdoor,271
10,R3_Midlands,outdoor,248
10,R4_NorthWest,outdoor,244
10,R5_NorthEast,outdoor,151
10,R6_SouthWest,outdoor,159
10,R1_London,gifting,731
10,R2_SouthEast,gifting,457
10,R3_Midlands,gifting,384
10,R4_NorthWest,gifting,351
10,R5_NorthEast,gifting,280
10,R6_SouthWest,gifting,231
11,R1_London,essentials,1354
11,R2_SouthEast,essentials,756
11,R3_Midlands,essentials,680
11,R4_NorthWest,essentials,680
11,R5_NorthEast,essentials,497
11,R6_SouthWest,essentials,428
11,R1_London,outdoor,453
11,R2_SouthEast,outdoor,331
11,R3_Midlands,outdoor,276
11,R4_NorthWest,outdoor,209
11,R5_NorthEast,outdoor,165
11,R6_SouthWest,outdoor,176
11,R1_London,gifting,698
11,R2_SouthEast,gifting,415
11,R3_Midlands,gifting,343
11,R4_NorthWest,gifting,295
11,R5_NorthEast,gifting,255
11,R6_SouthWest,gifting,199
12,R1_London,essentials,1356
12,R2_SouthEast,essentials,800
12,R3_Midlands,essentials,764
12,R4_NorthWest,essentials,668
12,R5_NorthEast,essentials,495
12,R6_SouthWest,essentials,416
12,R1_London,outdoor,535
12,R2_SouthEast,outdoor,300
12,R3_Midlands,outdoor,277
12,R4_NorthWest,outdoor,267
12,R5_NorthEast,outdoor,204
12,R6_SouthWest,outdoor,177
12,R1_London,gifting,616
12,R2_SouthEast,gifting,364
12,R3_Midlands,gifting,329
12,R4_NorthWest,gifting,315
12,R5_NorthEast,gifting,230
12,R6_SouthWest,gifting,216
13,R1_London,essentials,1304
13,R2_SouthEast,essentials,775
13,R3_Midlands,essentials,718
13,R4_NorthWest,essentials,700
13,R5_NorthEast,essentials,482
13,R6_SouthWest,essentials,425
13,R1_London,outdoor,586
13,R2_SouthEast,outdoor,317
13,R3_Midlands,outdoor,275
13,R4_NorthWest,outdoor,285
13,R5_NorthEast,outdoor,207
13,R6_SouthWest,outdoor,212
13,R1_London,gifting,524
13,R2_SouthEast,gifting,306
13,R3_Midlands,gifting,309
13,R4_NorthWest,gifting,285
13,R5_NorthEast,gifting,198
13,R6_SouthWest,gifting,185
14,R1_London,essentials,1257
14,R2_SouthEast,essentials,744
14,R3_Midlands,essentials,683
14,R4_NorthWest,essentials,668
14,R5_NorthEast,essentials,473
14,R6_SouthWest,essentials,411
14,R1_London,outdoor,572
14,R2_SouthEast,outdoor,368
14,R3_Midlands,outdoor,342
14,R4_NorthWest,outdoor,287
14,R5_NorthEast,outdoor,250
14,R6_SouthWest,outdoor,217
14,R1_London,gifting,513
14,R2_SouthEast,gifting,290
14,R3_Midlands,gifting,256
14,R4_NorthWest,gifting,246
14,R5_NorthEast,gifting,197
14,R6_SouthWest,gifting,185
15,R1_London,essentials,1324
15,R2_SouthEast,essentials,769
15,R3_Midlands,essentials,645
15,R4_NorthWest,essentials,684
15,R5_NorthEast,essentials,447
15,R6_SouthWest,essentials,407
15,R1_London,outdoor,729
15,R2_SouthEast,outdoor,397
15,R3_Midlands,outdoor,375
15,R4_NorthWest,outdoor,339
15,R5_NorthEast,outdoor,274
15,R6_SouthWest,outdoor,246
15,R1_London,gifting,453
15,R2_SouthEast,gifting,266
15,R3_Midlands,gifting,224
15,R4_NorthWest,gifting,231
15,R5_NorthEast,gifting,144
15,R6_SouthWest,gifting,157
16,R1_London,essentials,1300
16,R2_SouthEast,essentials,765
16,R3_Midlands,essentials,722
16,R4_NorthWest,essentials,576
16,R5_NorthEast,essentials,476
16,R6_SouthWest,essentials,440
16,R1_London,outdoor,750
16,R2_SouthEast,outdoor,390
16,R3_Midlands,outdoor,396
16,R4_NorthWest,outdoor,375
16,R5_NorthEast,outdoor,263
16,R6_SouthWest,outdoor,251
16,R1_London,gifting,409
16,R2_SouthEast,gifting,250
16,R3_Midlands,gifting,209
16,R4_NorthWest,gifting,183
16,R5_NorthEast,gifting,129
16,R6_SouthWest,gifting,123
17,R1_London,essentials,1231
17,R2_SouthEast,essentials,717
17,R3_Midlands,essentials,675
17,R4_NorthWest,essentials,668
17,R5_NorthEast,essentials,432
17,R6_SouthWest,essentials,379
17,R1_London,outdoor,790
17,R2_SouthEast,outdoor,463
17,R3_Midlands,outdoor,431
17,R4_NorthWest,outdoor,377
17,R5_NorthEast,outdoor,272
17,R6_SouthWest,outdoor,286
17,R1_London,gifting,349
17,R2_SouthEast,gifting,207
17,R3_Midlands,gifting,168
17,R4_NorthWest,gifting,159
17,R5_NorthEast,gifting,133
17,R6_SouthWest,gifting,110
18,R1_London,essentials,1273
18,R2_SouthEast,essentials,767
18,R3_Midlands,essentials,665
18,R4_NorthWest,essentials,630
18,R5_NorthEast,essentials,455
18,R6_SouthWest,essentials,382
18,R1_London,outdoor,805
18,R2_SouthEast,outdoor,494
18,R3_Midlands,outdoor,430
18,R4_NorthWest,outdoor,385
18,R5_NorthEast,outdoor,268
18,R6_SouthWest,outdoor,260
18,R1_London,gifting,284
18,R2_SouthEast,gifting,190
18,R3_Midlands,gifting,154
18,R4_NorthWest,gifting,138
18,R5_NorthEast,gifting,115
18,R6_SouthWest,gifting,89
19,R1_London,essentials,1196
19,R2_SouthEast,essentials,749
19,R3_Midlands,essentials,640
19,R4_NorthWest,essentials,555
19,R5_NorthEast,essentials,462
19,R6_SouthWest,essentials,361
19,R1_London,outdoor,926
19,R2_SouthEast,outdoor,502
19,R3_Midlands,outdoor,436
19,R4_NorthWest,outdoor,421
19,R5_NorthEast,outdoor,325
19,R6_SouthWest,outdoor,298
19,R1_London,gifting,261
19,R2_SouthEast,gifting,139
19,R3_Midlands,gifting,130
19,R4_NorthWest,gifting,135
19,R5_NorthEast,gifting,100
19,R6_SouthWest,gifting,74
20,R1_London,essentials,1191
20,R2_SouthEast,essentials,744
20,R3_Midlands,essentials,664
20,R4_NorthWest,essentials,640
20,R5_NorthEast,essentials,416
20,R6_SouthWest,essentials,415
20,R1_London,outdoor,880
20,R2_SouthEast,outdoor,584
20,R3_Midlands,outdoor,499
20,R4_NorthWest,outdoor,412
20,R5_NorthEast,outdoor,326
20,R6_SouthWest,outdoor,326
20,R1_London,gifting,215
20,R2_SouthEast,gifting,141
20,R3_Midlands,gifting,116
20,R4_NorthWest,gifting,102
20,R5_NorthEast,gifting,83
20,R6_SouthWest,gifting,68
21,R1_London,essentials,1199
21,R2_SouthEast,essentials,676
21,R3_Midlands,essentials,631
21,R4_NorthWest,essentials,573
21,R5_NorthEast,essentials,420
21,R6_SouthWest,essentials,413
21,R1_London,outdoor,952
21,R2_SouthEast,outdoor,595
21,R3_Midlands,outdoor,534
21,R4_NorthWest,outdoor,449
21,R5_NorthEast,outdoor,377
21,R6_SouthWest,outdoor,294
21,R1_London,gifting,190
21,R2_SouthEast,gifting,115
21,R3_Midlands,gifting,93
21,R4_NorthWest,gifting,93
21,R5_NorthEast,gifting,64
21,R6_SouthWest,gifting,75
22,R1_London,essentials,1153
22,R2_SouthEast,essentials,703
22,R3_Midlands,essentials,604
22,R4_NorthWest,essentials,581
22,R5_NorthEast,essentials,418
22,R6_SouthWest,essentials,411
22,R1_London,outdoor,981
22,R2_SouthEast,outdoor,576
22,R3_Midlands,outdoor,532
22,R4_NorthWest,outdoor,447
22,R5_NorthEast,outdoor,367
22,R6_SouthWest,outdoor,320
22,R1_London,gifting,166
22,R2_SouthEast,gifting,76
22,R3_Midlands,gifting,78
22,R4_NorthWest,gifting,64
22,R5_NorthEast,gifting,60
22,R6_SouthWest,gifting,44
23,R1_London,essentials,1137
23,R2_SouthEast,essentials,712
23,R3_Midlands,essentials,612
23,R4_NorthWest,essentials,581
23,R5_NorthEast,essentials,449
23,R6_SouthWest,essentials,433
23,R1_London,outdoor,1085
23,R2_SouthEast,outdoor,605
23,R3_Midlands,outdoor,529
23,R4_NorthWest,outdoor,515
23,R5_NorthEast,outdoor,393
23,R6_SouthWest,outdoor,371
23,R1_London,gifting,139
23,R2_SouthEast,gifting,76
23,R3_Midlands,gifting,91
23,R4_NorthWest,gifting,76
23,R5_NorthEast,gifting,50
23,R6_SouthWest,gifting,47
24,R1_London,essentials,1122
24,R2_SouthEast,essentials,761
24,R3_Midlands,essentials,681
24,R4_NorthWest,essentials,587
24,R5_NorthEast,essentials,412
24,R6_SouthWest,essentials,362
24,R1_London,outdoor,1051
24,R2_SouthEast,outdoor,639
24,R3_Midlands,outdoor,572
24,R4_NorthWest,outdoor,551
24,R5_NorthEast,outdoor,369
24,R6_SouthWest,outdoor,347
24,R1_London,gifting,122
24,R2_SouthEast,gifting,80
24,R3_Midlands,gifting,76
24,R4_NorthWest,gifting,78
24,R5_NorthEast,gifting,50
24,R6_SouthWest,gifting,30
25,R1_London,essentials,1115
25,R2_SouthEast,essentials,705
25,R3_Midlands,essentials,661
25,R4_NorthWest,essentials,596
25,R5_NorthEast,essentials,435
25,R6_SouthWest,essentials,385
25,R1_London,outdoor,1080
25,R2_SouthEast,outdoor,670
25,R3_Midlands,outdoor,522
25,R4_NorthWest,outdoor,582
25,R5_NorthEast,outdoor,411
25,R6_SouthWest,outdoor,407
25,R1_London,gifting,132
25,R2_SouthEast,gifting,76
25,R3_Midlands,gifting,66
25,R4_NorthWest,gifting,60
25,R5_NorthEast,gifting,42
25,R6_SouthWest,gifting,40
26,R1_London,essentials,1099
26,R2_SouthEast,essentials,704
26,R3_Midlands,essentials,591
26,R4_NorthWest,essentials,606
26,R5_NorthEast,essentials,433
26,R6_SouthWest,essentials,371
26,R1_London,outdoor,1094
26,R2_SouthEast,outdoor,711
26,R3_Midlands,outdoor,598
26,R4_NorthWest,outdoor,613
26,R5_NorthEast,outdoor,394
26,R6_SouthWest,outdoor,366
26,R1_London,gifting,143
26,R2_SouthEast,gifting,75
26,R3_Midlands,gifting,78
26,R4_NorthWest,gifting,65
26,R5_NorthEast,gifting,50
26,R6_SouthWest,gifting,54
27,R1_London,essentials,1177
27,R2_SouthEast,essentials,688
27,R3_Midlands,essentials,593
27,R4_NorthWest,essentials,559
27,R5_NorthEast,essentials,426
27,R6_SouthWest,essentials,366
27,R1_London,outdoor,1173
27,R2_SouthEast,outdoor,704
27,R3_Midlands,outdoor,573
27,R4_NorthWest,outdoor,533
27,R5_NorthEast,outdoor,391
27,R6_SouthWest,outdoor,384
27,R1_London,gifting,124
27,R2_SouthEast,gifting,77
27,R3_Midlands,gifting,78
27,R4_NorthWest,gifting,79
27,R5_NorthEast,gifting,49
27,R6_SouthWest,gifting,46
28,R1_London,essentials,1094
28,R2_SouthEast,essentials,685
28,R3_Midlands,essentials,557
28,R4_NorthWest,essentials,563
28,R5_NorthEast,essentials,443
28,R6_SouthWest,essentials,377
28,R1_London,outdoor,1167
28,R2_SouthEast,outdoor,684
28,R3_Midlands,outdoor,579
28,R4_NorthWest,outdoor,534
28,R5_NorthEast,outdoor,421
28,R6_SouthWest,outdoor,338
28,R1_London,gifting,155
28,R2_SouthEast,gifting,105
28,R3_Midlands,gifting,73
28,R4_NorthWest,gifting,88
28,R5_NorthEast,gifting,66
28,R6_SouthWest,gifting,50
29,R1_London,essentials,1121
29,R2_SouthEast,essentials,688
29,R3_Midlands,essentials,609
29,R4_NorthWest,essentials,552
29,R5_NorthEast,essentials,436
29,R6_SouthWest,essentials,350
29,R1_London,outdoor,1110
29,R2_SouthEast,outdoor,680
29,R3_Midlands,outdoor,580
29,R4_NorthWest,outdoor,569
29,R5_NorthEast,outdoor,447
29,R6_SouthWest,outdoor,365
29,R1_London,gifting,174
29,R2_SouthEast,gifting,111
29,R3_Midlands,gifting,108
29,R4_NorthWest,gifting,59
29,R5_NorthEast,gifting,69
29,R6_SouthWest,gifting,55
30,R1_London,essentials,1174
30,R2_SouthEast,essentials,693
30,R3_Midlands,essentials,595
30,R4_NorthWest,essentials,561
30,R5_NorthEast,essentials,431
30,R6_SouthWest,essentials,411
30,R1_London,outdoor,1107
30,R2_SouthEast,outdoor,684
30,R3_Midlands,outdoor,658
30,R4_NorthWest,outdoor,550
30,R5_NorthEast,outdoor,399
30,R6_SouthWest,outdoor,364
30,R1_London,gifting,200
30,R2_SouthEast,gifting,116
30,R3_Midlands,gifting,127
30,R4_NorthWest,gifting,103
30,R5_NorthEast,gifting,75
30,R6_SouthWest,gifting,74
31,R1_London,essentials,1199
31,R2_SouthEast,essentials,650
31,R3_Midlands,essentials,579
31,R4_NorthWest,essentials,543
31,R5_NorthEast,essentials,438
31,R6_SouthWest,essentials,336
31,R1_London,outdoor,1119
31,R2_SouthEast,outdoor,687
31,R3_Midlands,outdoor,606
31,R4_NorthWest,outdoor,561
31,R5_NorthEast,outdoor,390
31,R6_SouthWest,outdoor,359
31,R1_London,gifting,272
31,R2_SouthEast,gifting,146
31,R3_Midlands,gifting,132
31,R4_NorthWest,gifting,146
31,R5_NorthEast,gifting,89
31,R6_SouthWest,gifting,83
32,R1_London,essentials,1152
32,R2_SouthEast,essentials,697
32,R3_Midlands,essentials,605
32,R4_NorthWest,essentials,540
32,R5_NorthEast,essentials,438
32,R6_SouthWest,essentials,368
32,R1_London,outdoor,1149
32,R2_SouthEast,outdoor,681
32,R3_Midlands,outdoor,591
32,R4_NorthWest,outdoor,567
32,R5_NorthEast,outdoor,415
32,R6_SouthWest,outdoor,388
32,R1_London,gifting,295
32,R2_SouthEast,gifting,170
32,R3_Midlands,gifting,153
32,R4_NorthWest,gifting,139
32,R5_NorthEast,gifting,117
32,R6_SouthWest,gifting,99
33,R1_London,essentials,1128
33,R2_SouthEast,essentials,733
33,R3_Midlands,essentials,582
33,R4_NorthWest,essentials,580
33,R5_NorthEast,essentials,422
33,R6_SouthWest,essentials,383
33,R1_London,outdoor,1134
33,R2_SouthEast,outdoor,645
33,R3_Midlands,outdoor,621
33,R4_NorthWest,outdoor,553
33,R5_NorthEast,outdoor,416
33,R6_SouthWest,outdoor,377
33,R1_London,gifting,350
33,R2_SouthEast,gifting,204
33,R3_Midlands,gifting,171
33,R4_NorthWest,gifting,158
33,R5_NorthEast,gifting,123
33,R6_SouthWest,gifting,151
34,R1_London,essentials,1186
34,R2_SouthEast,essentials,713
34,R3_Midlands,essentials,620
34,R4_NorthWest,essentials,647
34,R5_NorthEast,essentials,442
34,R6_SouthWest,essentials,421
34,R1_London,outdoor,1143
34,R2_SouthEast,outdoor,612
34,R3_Midlands,outdoor,602
34,R4_NorthWest,outdoor,542
34,R5_NorthEast,outdoor,399
34,R6_SouthWest,outdoor,357
34,R1_London,gifting,376
34,R2_SouthEast,gifting,280
34,R3_Midlands,gifting,230
34,R4_NorthWest,gifting,179
34,R5_NorthEast,gifting,147
34,R6_SouthWest,gifting,139
35,R1_London,essentials,1177
35,R2_SouthEast,essentials,698
35,R3_Midlands,essentials,589
35,R4_NorthWest,essentials,612
35,R5_NorthEast,essentials,472
35,R6_SouthWest,essentials,338
35,R1_London,outdoor,1021
35,R2_SouthEast,outdoor,609
35,R3_Midlands,outdoor,532
35,R4_NorthWest,outdoor,502
35,R5_NorthEast,outdoor,417
35,R6_SouthWest,outdoor,357
35,R1_London,gifting,472
35,R2_SouthEast,gifting,264
35,R3_Midlands,gifting,228
35,R4_NorthWest,gifting,258
35,R5_NorthEast,gifting,177
35,R6_SouthWest,gifting,138
36,R1_London,essentials,1208
36,R2_SouthEast,essentials,710
36,R3_Midlands,essentials,653
36,R4_NorthWest,essentials,644
36,R5_NorthEast,essentials,407
36,R6_SouthWest,essentials,398
36,R1_London,outdoor,1010
36,R2_SouthEast,outdoor,608
36,R3_Midlands,outdoor,536
36,R4_NorthWest,outdoor,514
36,R5_NorthEast,outdoor,380
36,R6_SouthWest,outdoor,366
36,R1_London,gifting,465
36,R2_SouthEast,gifting,314
36,R3_Midlands,gifting,269
36,R4_NorthWest,gifting,275
36,R5_NorthEast,gifting,181
36,R6_SouthWest,gifting,165
37,R1_London,essentials,1240
37,R2_SouthEast,essentials,742
37,R3_Midlands,essentials,620
37,R4_NorthWest,essentials,571
37,R5_NorthEast,essentials,449
37,R6_SouthWest,essentials,431
37,R1_London,outdoor,933
37,R2_SouthEast,outdoor,558
37,R3_Midlands,outdoor,507
37,R4_NorthWest,outdoor,519
37,R5_NorthEast,outdoor,370
37,R6_SouthWest,outdoor,318
37,R1_London,gifting,543
37,R2_SouthEast,gifting,332
37,R3_Midlands,gifting,307
37,R4_NorthWest,gifting,254
37,R5_NorthEast,gifting,222
37,R6_SouthWest,gifting,205
38,R1_London,essentials,1255
38,R2_SouthEast,essentials,720
38,R3_Midlands,essentials,647
38,R4_NorthWest,essentials,589
38,R5_NorthEast,essentials,435
38,R6_SouthWest,essentials,380
38,R1_London,outdoor,918
38,R2_SouthEast,outdoor,542
38,R3_Midlands,outdoor,541
38,R4_NorthWest,outdoor,477
38,R5_NorthEast,outdoor,370
38,R6_SouthWest,outdoor,328
38,R1_London,gifting,591
38,R2_SouthEast,gifting,379
38,R3_Midlands,gifting,333
38,R4_NorthWest,gifting,319
38,R5_NorthEast,gifting,210
38,R6_SouthWest,gifting,225
39,R1_London,essentials,1283
39,R2_SouthEast,essentials,732
39,R3_Midlands,essentials,665
39,R4_NorthWest,essentials,605
39,R5_NorthEast,essentials,439
39,R6_SouthWest,essentials,391
39,R1_London,outdoor,959
39,R2_SouthEast,outdoor,560
39,R3_Midlands,outdoor,454
39,R4_NorthWest,outdoor,467
39,R5_NorthEast,outdoor,357
39,R6_SouthWest,outdoor,306
39,R1_London,gifting,674
39,R2_SouthEast,gifting,475
39,R3_Midlands,gifting,367
39,R4_NorthWest,gifting,334
39,R5_NorthEast,gifting,269
39,R6_SouthWest,gifting,249
40,R1_London,essentials,1216
40,R2_SouthEast,essentials,776
40,R3_Midlands,essentials,658
40,R4_NorthWest,essentials,615
40,R5_NorthEast,essentials,437
40,R6_SouthWest,essentials,415
40,R1_London,outdoor,857
40,R2_SouthEast,outdoor,501
40,R3_Midlands,outdoor,434
40,R4_NorthWest,outdoor,439
40,R5_NorthEast,outdoor,308
40,R6_SouthWest,outdoor,265
40,R1_London,gifting,740
40,R2_SouthEast,gifting,488
40,R3_Midlands,gifting,390
40,R4_NorthWest,gifting,364
40,R5_NorthEast,gifting,313
40,R6_SouthWest,gifting,239
41,R1_London,essentials,1254
41,R2_SouthEast,essentials,727
41,R3_Midlands,essentials,697
41,R4_NorthWest,essentials,674
41,R5_NorthEast,essentials,489
41,R6_SouthWest,essentials,409
41,R1_London,outdoor,820
41,R2_SouthEast,outdoor,493
41,R3_Midlands,outdoor,453
41,R4_NorthWest,outdoor,413
41,R5_NorthEast,outdoor,305
41,R6_SouthWest,outdoor,243
41,R1_London,gifting,817
41,R2_SouthEast,gifting,495
41,R3_Midlands,gifting,420
41,R4_NorthWest,gifting,419
41,R5_NorthEast,gifting,282
41,R6_SouthWest,gifting,300
42,R1_London,essentials,1264
42,R2_SouthEast,essentials,766
42,R3_Midlands,essentials,641
42,R4_NorthWest,essentials,674
42,R5_NorthEast,essentials,489
42,R6_SouthWest,essentials,414
42,R1_London,outdoor,735
42,R2_SouthEast,outdoor,459
42,R3_Midlands,outdoor,412
42,R4_NorthWest,outdoor,374
42,R5_NorthEast,outdoor,267
42,R6_SouthWest,outdoor,283
42,R1_London,gifting,897
42,R2_SouthEast,gifting,554
42,R3_Midlands,gifting,497
42,R4_NorthWest,gifting,439
42,R5_NorthEast,gifting,307
42,R6_SouthWest,gifting,302
43,R1_London,essentials,1322
43,R2_SouthEast,essentials,776
43,R3_Midlands,essentials,702
43,R4_NorthWest,essentials,684
43,R5_NorthEast,essentials,465
43,R6_SouthWest,essentials,464
43,R1_London,outdoor,686
43,R2_SouthEast,outdoor,401
43,R3_Midlands,outdoor,347
43,R4_NorthWest,outdoor,326
43,R5_NorthEast,outdoor,260
43,R6_SouthWest,outdoor,239
43,R1_London,gifting,941
43,R2_SouthEast,gifting,572
43,R3_Midlands,gifting,485
43,R4_NorthWest,gifting,441
43,R5_NorthEast,gifting,327
43,R6_SouthWest,gifting,296
44,R1_London,essentials,1293
44,R2_SouthEast,essentials,821
44,R3_Midlands,essentials,721
44,R4_NorthWest,essentials,633
44,R5_NorthEast,essentials,516
44,R6_SouthWest,essentials,441
44,R1_London,outdoor,655
44,R2_SouthEast,outdoor,397
44,R3_Midlands,outdoor,323
44,R4_NorthWest,outdoor,335
44,R5_NorthEast,outdoor,211
44,R6_SouthWest,outdoor,213
44,R1_London,gifting,952
44,R2_SouthEast,gifting,605
44,R3_Midlands,gifting,547
44,R4_NorthWest,gifting,507
44,R5_NorthEast,gifting,359
44,R6_SouthWest,gifting,359
45,R1_London,essentials,1330
45,R2_SouthEast,essentials,816
45,R3_Midlands,essentials,709
45,R4_NorthWest,essentials,708
45,R5_NorthEast,essentials,484
45,R6_SouthWest,essentials,439
45,R1_London,outdoor,582
45,R2_SouthEast,outdoor,378
45,R3_Midlands,outdoor,302
45,R4_NorthWest,outdoor,293
45,R5_NorthEast,outdoor,218
45,R6_SouthWest,outdoor,201
45,R1_London,gifting,996
45,R2_SouthEast,gifting,595
45,R3_Midlands,gifting,555
45,R4_NorthWest,gifting,555
45,R5_NorthEast,gifting,377
45,R6_SouthWest,gifting,330
46,R1_London,essentials,1399
46,R2_SouthEast,essentials,785
46,R3_Midlands,essentials,719
46,R4_NorthWest,essentials,671
46,R5_NorthEast,essentials,486
46,R6_SouthWest,essentials,437
46,R1_London,outdoor,528
46,R2_SouthEast,outdoor,357
46,R3_Midlands,outdoor,283
46,R4_NorthWest,outdoor,282
46,R5_NorthEast,outdoor,197
46,R6_SouthWest,outdoor,193
46,R1_London,gifting,1000
46,R2_SouthEast,gifting,644
46,R3_Midlands,gifting,595
46,R4_NorthWest,gifting,539
46,R5_NorthEast,gifting,387
46,R6_SouthWest,gifting,384
47,R1_London,essentials,1311
47,R2_SouthEast,essentials,826
47,R3_Midlands,essentials,730
47,R4_NorthWest,essentials,677
47,R5_NorthEast,essentials,495
47,R6_SouthWest,essentials,433
47,R1_London,outdoor,507
47,R2_SouthEast,outdoor,317
47,R3_Midlands,outdoor,290
47,R4_NorthWest,outdoor,269
47,R5_NorthEast,outdoor,188
47,R6_SouthWest,outdoor,162
47,R1_London,gifting,1069
47,R2_SouthEast,gifting,652
47,R3_Midlands,gifting,641
47,R4_NorthWest,gifting,585
47,R5_NorthEast,gifting,405
47,R6_SouthWest,gifting,388
48,R1_London,essentials,1380
48,R2_SouthEast,essentials,826
48,R3_Midlands,essentials,749
48,R4_NorthWest,essentials,702
48,R5_NorthEast,essentials,500
48,R6_SouthWest,essentials,471
48,R1_London,outdoor,455
48,R2_SouthEast,outdoor,285
48,R3_Midlands,outdoor,266
48,R4_NorthWest,outdoor,258
48,R5_NorthEast,outdoor,191
48,R6_SouthWest,outdoor,164
48,R1_London,gifting,1100
48,R2_SouthEast,gifting,632
48,R3_Midlands,gifting,588
48,R4_NorthWest,gifting,560
48,R5_NorthEast,gifting,399
48,R6_SouthWest,gifting,397
49,R1_London,essentials,1422
49,R2_SouthEast,essentials,895
49,R3_Midlands,essentials,698
49,R4_NorthWest,essentials,689
49,R5_NorthEast,essentials,479
49,R6_SouthWest,essentials,410
49,R1_London,outdoor,417
49,R2_SouthEast,outdoor,262
49,R3_Midlands,outdoor,226
49,R4_NorthWest,outdoor,226
49,R5_NorthEast,outdoor,168
49,R6_SouthWest,outdoor,146
49,R1_London,gifting,1178
49,R2_SouthEast,gifting,689
49,R3_Midlands,gifting,599
49,R4_NorthWest,gifting,536
49,R5_NorthEast,gifting,462
49,R6_SouthWest,gifting,387
50,R1_London,essentials,1365
50,R2_SouthEast,essentials,845
50,R3_Midlands,essentials,737
50,R4_NorthWest,essentials,663
50,R5_NorthEast,essentials,506
50,R6_SouthWest,essentials,452
50,R1_London,outdoor,386
50,R2_SouthEast,outdoor,281
50,R3_Midlands,outdoor,220
50,R4_NorthWest,outdoor,203
50,R5_NorthEast,outdoor,151
50,R6_SouthWest,outdoor,129
50,R1_London,gifting,1199
50,R2_SouthEast,gifting,677
50,R3_Midlands,gifting,609
50,R4_NorthWest,gifting,564
50,R5_NorthEast,gifting,418
50,R6_SouthWest,gifting,396
51,R1_London,essentials,1417
51,R2_SouthEast,essentials,826
51,R3_Midlands,essentials,763
51,R4_NorthWest,essentials,688
51,R5_NorthEast,essentials,517
51,R6_SouthWest,essentials,499
51,R1_London,outdoor,361
51,R2_SouthEast,outdoor,244
51,R3_Midlands,outdoor,211
51,R4_NorthWest,outdoor,187
51,R5_NorthEast,outdoor,143
51,R6_SouthWest,outdoor,117
51,R1_London,gifting,1139
51,R2_SouthEast,gifting,659
51,R3_Midlands,gifting,603
51,R4_NorthWest,gifting,565
51,R5_NorthEast,gifting,419
51,R6_SouthWest,gifting,378
52,R1_London,essentials,1344
52,R2_SouthEast,essentials,815
52,R3_Midlands,essentials,749
52,R4_NorthWest,essentials,688
52,R5_NorthEast,essentials,534
52,R6_SouthWest,essentials,500
52,R1_London,outdoor,383
52,R2_SouthEast,outdoor,212
52,R3_Midlands,outdoor,207
52,R4_NorthWest,outdoor,190
52,R5_NorthEast,outdoor,144
52,R6_SouthWest,outdoor,126
52,R1_London,gifting,1109
52,R2_SouthEast,gifting,690
52,R3_Midlands,gifting,615
52,R4_NorthWest,gifting,573
52,R5_NorthEast,gifting,454
52,R6_SouthWest,gifting,416
53,R1_London,essentials,1391
53,R2_SouthEast,essentials,839
53,R3_Midlands,essentials,752
53,R4_NorthWest,essentials,693
53,R5_NorthEast,essentials,511
53,R6_SouthWest,essentials,494
53,R1_London,outdoor,354
53,R2_SouthEast,outdoor,226
53,R3_Midlands,outdoor,178
53,R4_NorthWest,outdoor,157
53,R5_NorthEast,outdoor,137
53,R6_SouthWest,outdoor,120
53,R1_London,gifting,1087
53,R2_SouthEast,gifting,671
53,R3_Midlands,gifting,580
53,R4_NorthWest,gifting,611
53,R5_NorthEast,gifting,411
53,R6_SouthWest,gifting,397
54,R1_London,essentials,1370
54,R2_SouthEast,essentials,886
54,R3_Midlands,essentials,802
54,R4_NorthWest,essentials,669
54,R5_NorthEast,essentials,568
54,R6_SouthWest,essentials,462
54,R1_London,outdoor,339
54,R2_SouthEast,outdoor,228
54,R3_Midlands,outdoor,192
54,R4_NorthWest,outdoor,165
54,R5_NorthEast,outdoor,112
54,R6_SouthWest,outdoor,110
54,R1_London,gifting,1114
54,R2_SouthEast,gifting,671
54,R3_Midlands,gifting,597
54,R4_NorthWest,gifting,550
54,R5_NorthEast,gifting,409
54,R6_SouthWest,gifting,380
55,R1_London,essentials,1402
55,R2_SouthEast,essentials,896
55,R3_Midlands,essentials,698
55,R4_NorthWest,essentials,704
55,R5_NorthEast,essentials,523
55,R6_SouthWest,essentials,488
55,R1_London,outdoor,353
55,R2_SouthEast,outdoor,210
55,R3_Midlands,outdoor,192
55,R4_NorthWest,outdoor,187
55,R5_NorthEast,outdoor,127
55,R6_SouthWest,outdoor,127
55,R1_London,gifting,1103
55,R2_SouthEast,gifting,654
55,R3_Midlands,gifting,569
55,R4_NorthWest,gifting,589
55,R5_NorthEast,gifting,388
55,R6_SouthWest,gifting,376
56,R1_London,essentials,1392
56,R2_SouthEast,essentials,869
56,R3_Midlands,essentials,752
56,R4_NorthWest,essentials,702
56,R5_NorthEast,essentials,520
56,R6_SouthWest,essentials,478
56,R1_London,outdoor,338
56,R2_SouthEast,outdoor,200
56,R3_Midlands,outdoor,169
56,R4_NorthWest,outdoor,172
56,R5_NorthEast,outdoor,93
56,R6_SouthWest,outdoor,112
56,R1_London,gifting,1049
56,R2_SouthEast,gifting,653
56,R3_Midlands,gifting,581
56,R4_NorthWest,gifting,565
56,R5_NorthEast,gifting,392
56,R6_SouthWest,gifting,384
57,R1_London,essentials,1419
57,R2_SouthEast,essentials,816
57,R3_Midlands,essentials,772
57,R4_NorthWest,essentials,724
57,R5_NorthEast,essentials,546
57,R6_SouthWest,essentials,435
57,R1_London,outdoor,338
57,R2_SouthEast,outdoor,209
57,R3_Midlands,outdoor,188
57,R4_NorthWest,outdoor,191
57,R5_NorthEast,outdoor,129
57,R6_SouthWest,outdoor,123
57,R1_London,gifting,1019
57,R2_SouthEast,gifting,616
57,R3_Midlands,gifting,553
57,R4_NorthWest,gifting,508
57,R5_NorthEast,gifting,374
57,R6_SouthWest,gifting,372
58,R1_London,essentials,1360
58,R2_SouthEast,essentials,879
58,R3_Midlands,essentials,719
58,R4_NorthWest,essentials,724
58,R5_NorthEast,essentials,522
58,R6_SouthWest,essentials,460
58,R1_London,outdoor,355
58,R2_SouthEast,outdoor,201
58,R3_Midlands,outdoor,201
58,R4_NorthWest,outdoor,195
58,R5_NorthEast,outdoor,147
58,R6_SouthWest,outdoor,125
58,R1_London,gifting,983
58,R2_SouthEast,gifting,594
58,R3_Midlands,gifting,532
58,R4_NorthWest,gifting,481
58,R5_NorthEast,gifting,341
58,R6_SouthWest,gifting,348
59,R1_London,essentials,1459
59,R2_SouthEast,essentials,787
59,R3_Midlands,essentials,758
59,R4_NorthWest,essentials,730
59,R5_NorthEast,essentials,520
59,R6_SouthWest,essentials,473
59,R1_London,outdoor,386
59,R2_SouthEast,outdoor,219
59,R3_Midlands,outdoor,207
59,R4_NorthWest,outdoor,163
59,R5_NorthEast,outdoor,146
59,R6_SouthWest,outdoor,135
59,R1_London,gifting,963
59,R2_SouthEast,gifting,579
59,R3_Midlands,gifting,514
59,R4_NorthWest,gifting,460
59,R5_NorthEast,gifting,373
59,R6_SouthWest,gifting,288
60,R1_London,essentials,1362
60,R2_SouthEast,essentials,868
60,R3_Midlands,essentials,751
60,R4_NorthWest,essentials,693
60,R5_NorthEast,essentials,527
60,R6_SouthWest,essentials,457
60,R1_London,outdoor,391
60,R2_SouthEast,outdoor,244
60,R3_Midlands,outdoor,222
60,R4_NorthWest,outdoor,187
60,R5_NorthEast,outdoor,165
60,R6_SouthWest,outdoor,149
60,R1_London,gifting,855
60,R2_SouthEast,gifting,598
60,R3_Midlands,gifting,509
60,R4_NorthWest,gifting,452
60,R5_NorthEast,gifting,348
60,R6_SouthWest,gifting,288
61,R1_London,essentials,1389
61,R2_SouthEast,essentials,828
61,R3_Midlands,essentials,702
61,R4_NorthWest,essentials,671
61,R5_NorthEast,essentials,481
61,R6_SouthWest,essentials,465
61,R1_London,outdoor,424
61,R2_SouthEast,outdoor,262
61,R3_Midlands,outdoor,264
61,R4_NorthWest,outdoor,249
61,R5_NorthEast,outdoor,178
61,R6_SouthWest,outdoor,154
61,R1_London,gifting,858
61,R2_SouthEast,gifting,525
61,R3_Midlands,gifting,449
61,R4_NorthWest,gifting,411
61,R5_NorthEast,gifting,310
61,R6_SouthWest,gifting,333
62,R1_London,essentials,1355
62,R2_SouthEast,essentials,829
62,R3_Midlands,essentials,745
62,R4_NorthWest,essentials,671
62,R5_NorthEast,essentials,502
62,R6_SouthWest,essentials,466
62,R1_London,outdoor,501
62,R2_SouthEast,outdoor,296
62,R3_Midlands,outdoor,218
62,R4_NorthWest,outdoor,254
62,R5_NorthEast,outdoor,179
62,R6_SouthWest,outdoor,169
62,R1_London,gifting,745
62,R2_SouthEast,gifting,431
62,R3_Midlands,gifting,407
62,R4_NorthWest,gifting,388
62,R5_NorthEast,gifting,294
62,R6_SouthWest,gifting,251
63,R1_London,essentials,1303
63,R2_SouthEast,essentials,811
63,R3_Midlands,essentials,724
63,R4_NorthWest,essentials,603
63,R5_NorthEast,essentials,507
63,R6_SouthWest,essentials,465
63,R1_London,outdoor,557
63,R2_SouthEast,outdoor,314
63,R3_Midlands,outdoor,268
63,R4_NorthWest,outdoor,247
63,R5_NorthEast,outdoor,181
63,R6_SouthWest,outdoor,178
63,R1_London,gifting,726
63,R2_SouthEast,gifting,419
63,R3_Midlands,gifting,351
63,R4_NorthWest,gifting,387
63,R5_NorthEast,gifting,265
63,R6_SouthWest,gifting,239
64,R1_London,essentials,1389
64,R2_SouthEast,essentials,829
64,R3_Midlands,essentials,726
64,R4_NorthWest,essentials,659
64,R5_NorthEast,essentials,511
64,R6_SouthWest,essentials,460
64,R1_London,outdoor,593
64,R2_SouthEast,outdoor,339
64,R3_Midlands,outdoor,298
64,R4_NorthWest,outdoor,259
64,R5_NorthEast,outdoor,225
64,R6_SouthWest,outdoor,185
64,R1_London,gifting,658
64,R2_SouthEast,gifting,424
64,R3_Midlands,gifting,355
64,R4_NorthWest,gifting,335
64,R5_NorthEast,gifting,237
64,R6_SouthWest,gifting,223
65,R1_London,essentials,1334
65,R2_SouthEast,essentials,823
65,R3_Midlands,essentials,738
65,R4_NorthWest,essentials,638
65,R5_NorthEast,essentials,476
65,R6_SouthWest,essentials,429
65,R1_London,outdoor,597
65,R2_SouthEast,outdoor,412
65,R3_Midlands,outdoor,352
65,R4_NorthWest,outdoor,326
65,R5_NorthEast,outdoor,221
65,R6_SouthWest,outdoor,213
65,R1_London,gifting,588
65,R2_SouthEast,gifting,369
65,R3_Midlands,gifting,344
65,R4_NorthWest,gifting,279
65,R5_NorthEast,gifting,207
65,R6_SouthWest,gifting,216
66,R1_London,essentials,1324
66,R2_SouthEast,essentials,782
66,R3_Midlands,essentials,676
66,R4_NorthWest,essentials,684
66,R5_NorthEast,essentials,478
66,R6_SouthWest,essentials,444
66,R1_London,outdoor,647
66,R2_SouthEast,outdoor,378
66,R3_Midlands,outdoor,366
66,R4_NorthWest,outdoor,303
66,R5_NorthEast,outdoor,227
66,R6_SouthWest,outdoor,215
66,R1_London,gifting,513
66,R2_SouthEast,gifting,320
66,R3_Midlands,gifting,270
66,R4_NorthWest,gifting,285
66,R5_NorthEast,gifting,215
66,R6_SouthWest,gifting,195
67,R1_London,essentials,1326
67,R2_SouthEast,essentials,797
67,R3_Midlands,essentials,657
67,R4_NorthWest,essentials,650
67,R5_NorthEast,essentials,455
67,R6_SouthWest,essentials,465
67,R1_London,outdoor,736
67,R2_SouthEast,outdoor,438
67,R3_Midlands,outdoor,367
67,R4_NorthWest,outdoor,331
67,R5_NorthEast,outdoor,269
67,R6_SouthWest,outdoor,225
67,R1_London,gifting,486
67,R2_SouthEast,gifting,317
67,R3_Midlands,gifting,270
67,R4_NorthWest,gifting,255
67,R5_NorthEast,gifting,179
67,R6_SouthWest,gifting,165
68,R1_London,essentials,1220
68,R2_SouthEast,essentials,737
68,R3_Midlands,essentials,676
68,R4_NorthWest,essentials,620
68,R5_NorthEast,essentials,486
68,R6_SouthWest,essentials,417
68,R1_London,outdoor,761
68,R2_SouthEast,outdoor,446
68,R3_Midlands,outdoor,407
68,R4_NorthWest,outdoor,403
68,R5_NorthEast,outdoor,266
68,R6_SouthWest,outdoor,254
68,R1_London,gifting,427
68,R2_SouthEast,gifting,257
68,R3_Midlands,gifting,216
68,R4_NorthWest,gifting,221
68,R5_NorthEast,gifting,150
68,R6_SouthWest,gifting,128
69,R1_London,essentials,1248
69,R2_SouthEast,essentials,789
69,R3_Midlands,essentials,672
69,R4_NorthWest,essentials,664
69,R5_NorthEast,essentials,479
69,R6_SouthWest,essentials,441
69,R1_London,outdoor,811
69,R2_SouthEast,outdoor,479
69,R3_Midlands,outdoor,431
69,R4_NorthWest,outdoor,404
69,R5_NorthEast,outdoor,332
69,R6_SouthWest,outdoor,279
69,R1_London,gifting,336
69,R2_SouthEast,gifting,207
69,R3_Midlands,gifting,194
69,R4_NorthWest,gifting,166
69,R5_NorthEast,gifting,134
69,R6_SouthWest,gifting,122
70,R1_London,essentials,1211
70,R2_SouthEast,essentials,767
70,R3_Midlands,essentials,683
70,R4_NorthWest,essentials,623
70,R5_NorthEast,essentials,455
70,R6_SouthWest,essentials,482
70,R1_London,outdoor,921
70,R2_SouthEast,outdoor,535
70,R3_Midlands,outdoor,466
70,R4_NorthWest,outdoor,432
70,R5_NorthEast,outdoor,305
70,R6_SouthWest,outdoor,270
70,R1_London,gifting,276
70,R2_SouthEast,gifting,195
70,R3_Midlands,gifting,161
70,R4_NorthWest,gifting,159
70,R5_NorthEast,gifting,116
70,R6_SouthWest,gifting,109
71,R1_London,essentials,1230
71,R2_SouthEast,essentials,727
71,R3_Midlands,essentials,692
71,R4_NorthWest,essentials,608
71,R5_NorthEast,essentials,447
71,R6_SouthWest,essentials,392
71,R1_London,outdoor,883
71,R2_SouthEast,outdoor,552
71,R3_Midlands,outdoor,465
71,R4_NorthWest,outdoor,443
71,R5_NorthEast,outdoor,309
71,R6_SouthWest,outdoor,293
71,R1_London,gifting,258
71,R2_SouthEast,gifting,163
71,R3_Midlands,gifting,141
71,R4_NorthWest,gifting,134
71,R5_NorthEast,gifting,102
71,R6_SouthWest,gifting,95
72,R1_London,essentials,1246
72,R2_SouthEast,essentials,699
72,R3_Midlands,essentials,609
72,R4_NorthWest,essentials,567
72,R5_NorthEast,essentials,428
72,R6_SouthWest,essentials,430
72,R1_London,outdoor,949
72,R2_SouthEast,outdoor,584
72,R3_Midlands,outdoor,526
72,R4_NorthWest,outdoor,507
72,R5_NorthEast,outdoor,339
72,R6_SouthWest,outdoor,292
72,R1_London,gifting,232
72,R2_SouthEast,gifting,116
72,R3_Midlands,gifting,114
72,R4_NorthWest,gifting,122
72,R5_NorthEast,gifting,77
72,R6_SouthWest,gifting,95
73,R1_London,essentials,1204
73,R2_SouthEast,essentials,724
73,R3_Midlands,essentials,650
73,R4_NorthWest,essentials,597
73,R5_NorthEast,essentials,433
73,R6_SouthWest,essentials,413
73,R1_London,outdoor,1040
73,R2_SouthEast,outdoor,588
73,R3_Midlands,outdoor,547
73,R4_NorthWest,outdoor,482
73,R5_NorthEast,outdoor,364
73,R6_SouthWest,outdoor,352
73,R1_London,gifting,193
73,R2_SouthEast,gifting,135
73,R3_Midlands,gifting,118
73,R4_NorthWest,gifting,102
73,R5_NorthEast,gifting,74
73,R6_SouthWest,gifting,68
74,R1_London,essentials,1179
74,R2_SouthEast,essentials,733
74,R3_Midlands,essentials,625
74,R4_NorthWest,essentials,596
74,R5_NorthEast,essentials,438
74,R6_SouthWest,essentials,417
74,R1_London,outdoor,1085
74,R2_SouthEast,outdoor,664
74,R3_Midlands,outdoor,550
74,R4_NorthWest,outdoor,533
74,R5_NorthEast,outdoor,369
74,R6_SouthWest,outdoor,359
74,R1_London,gifting,179
74,R2_SouthEast,gifting,92
74,R3_Midlands,gifting,91
74,R4_NorthWest,gifting,96
74,R5_NorthEast,gifting,61
74,R6_SouthWest,gifting,43
75,R1_London,essentials,1173
75,R2_SouthEast,essentials,782
75,R3_Midlands,essentials,650
75,R4_NorthWest,essentials,587
75,R5_NorthEast,essentials,427
75,R6_SouthWest,essentials,412
75,R1_London,outdoor,1085
75,R2_SouthEast,outdoor,625
75,R3_Midlands,outdoor,564
75,R4_NorthWest,outdoor,518
75,R5_NorthEast,outdoor,389
75,R6_SouthWest,outdoor,344
75,R1_London,gifting,151
75,R2_SouthEast,gifting,88
75,R3_Midlands,gifting,66
75,R4_NorthWest,gifting,81
75,R5_NorthEast,gifting,63
75,R6_SouthWest,gifting,56
76,R1_London,essentials,1170
76,R2_SouthEast,essentials,742
76,R3_Midlands,essentials,652
76,R4_NorthWest,essentials,625
76,R5_NorthEast,essentials,427
76,R6_SouthWest,essentials,376
76,R1_London,outdoor,1060
76,R2_SouthEast,outdoor,717
76,R3_Midlands,outdoor,568
76,R4_NorthWest,outdoor,568
76,R5_NorthEast,outdoor,380
76,R6_SouthWest,outdoor,340
76,R1_London,gifting,144
76,R2_SouthEast,gifting,94
76,R3_Midlands,gifting,90
76,R4_NorthWest,gifting,69
76,R5_NorthEast,gifting,36
76,R6_SouthWest,gifting,38
77,R1_London,essentials,1149
77,R2_SouthEast,essentials,713
77,R3_Midlands,essentials,641
77,R4_NorthWest,essentials,595
77,R5_NorthEast,essentials,468
77,R6_SouthWest,essentials,430
77,R1_London,outdoor,1101
77,R2_SouthEast,outdoor,678
77,R3_Midlands,outdoor,636
77,R4_NorthWest,outdoor,546
77,R5_NorthEast,outdoor,413
77,R6_SouthWest,outdoor,370
77,R1_London,gifting,126
77,R2_SouthEast,gifting,88
77,R3_Midlands,gifting,61
77,R4_NorthWest,gifting,71
77,R5_NorthEast,gifting,52
77,R6_SouthWest,gifting,44
78,R1_London,essentials,1178
78,R2_SouthEast,essentials,676
78,R3_Midlands,essentials,687
78,R4_NorthWest,essentials,578
78,R5_NorthEast,essentials,462
78,R6_SouthWest,essentials,426
78,R1_London,outdoor,1124
78,R2_SouthEast,outdoor,691
78,R3_Midlands,outdoor,659
78,R4_NorthWest,outdoor,569
78,R5_NorthEast,outdoor,398
78,R6_SouthWest,outdoor,394
78,R1_London,gifting,118
78,R2_SouthEast,gifting,66
78,R3_Midlands,gifting,70
78,R4_NorthWest,gifting,61
78,R5_NorthEast,gifting,67
78,R6_SouthWest,gifting,63
79,R1_London,essentials,1186
79,R2_SouthEast,essentials,719
79,R3_Midlands,essentials,624
79,R4_NorthWest,essentials,573
79,R5_NorthEast,essentials,440
79,R6_SouthWest,essentials,377
79,R1_London,outdoor,1154
79,R2_SouthEast,outdoor,723
79,R3_Midlands,outdoor,593
79,R4_NorthWest,outdoor,584
79,R5_NorthEast,outdoor,440
79,R6_SouthWest,outdoor,395
79,R1_London,gifting,160
79,R2_SouthEast,gifting,90
79,R3_Midlands,gifting,99
79,R4_NorthWest,gifting,81
79,R5_NorthEast,gifting,40
79,R6_SouthWest,gifting,52
80,R1_London,essentials,1174
80,R2_SouthEast,essentials,685
80,R3_Midlands,essentials,642
80,R4_NorthWest,essentials,545
80,R5_NorthEast,essentials,442
80,R6_SouthWest,essentials,396
80,R1_London,outdoor,1189
80,R2_SouthEast,outdoor,720
80,R3_Midlands,outdoor,693
80,R4_NorthWest,outdoor,590
80,R5_NorthEast,outdoor,441
80,R6_SouthWest,outdoor,387
80,R1_London,gifting,164
80,R2_SouthEast,gifting,90
80,R3_Midlands,gifting,91
80,R4_NorthWest,gifting,94
80,R5_NorthEast,gifting,69
80,R6_SouthWest,gifting,35
81,R1_London,essentials,1078
81,R2_SouthEast,essentials,701
81,R3_Midlands,essentials,628
81,R4_NorthWest,essentials,597
81,R5_NorthEast,essentials,417
81,R6_SouthWest,essentials,394
81,R1_London,outdoor,1184
81,R2_SouthEast,outdoor,737
81,R3_Midlands,outdoor,609
81,R4_NorthWest,outdoor,637
81,R5_NorthEast,outdoor,467
81,R6_SouthWest,outdoor,401
81,R1_London,gifting,195
81,R2_SouthEast,gifting,111
81,R3_Midlands,gifting,123
81,R4_NorthWest,gifting,89
81,R5_NorthEast,gifting,73
81,R6_SouthWest,gifting,64
82,R1_London,essentials,1128
82,R2_SouthEast,essentials,794
82,R3_Midlands,essentials,642
82,R4_NorthWest,essentials,542
82,R5_NorthEast,essentials,441
82,R6_SouthWest,essentials,353
82,R1_London,outdoor,1203
82,R2_SouthEast,outdoor,757
82,R3_Midlands,outdoor,642
82,R4_NorthWest,outdoor,601
82,R5_NorthEast,outdoor,450
82,R6_SouthWest,outdoor,401
82,R1_London,gifting,222
82,R2_SouthEast,gifting,143
82,R3_Midlands,gifting,137
82,R4_NorthWest,gifting,121
82,R5_NorthEast,gifting,74
82,R6_SouthWest,gifting,93
83,R1_London,essentials,1180
83,R2_SouthEast,essentials,657
83,R3_Midlands,essentials,613
83,R4_NorthWest,essentials,569
83,R5_NorthEast,essentials,377
83,R6_SouthWest,essentials,418
83,R1_London,outdoor,1211
83,R2_SouthEast,outdoor,702
83,R3_Midlands,outdoor,650
83,R4_NorthWest,outdoor,593
83,R5_NorthEast,outdoor,453
83,R6_SouthWest,outdoor,404
83,R1_London,gifting,269
83,R2_SouthEast,gifting,165
83,R3_Midlands,gifting,147
83,R4_NorthWest,gifting,158
83,R5_NorthEast,gifting,98
83,R6_SouthWest,gifting,101
84,R1_London,essentials,1199
84,R2_SouthEast,essentials,721
84,R3_Midlands,essentials,606
84,R4_NorthWest,essentials,596
84,R5_NorthEast,essentials,458
84,R6_SouthWest,essentials,367
84,R1_London,outdoor,1201
84,R2_SouthEast,outdoor,699
84,R3_Midlands,outdoor,622
84,R4_NorthWest,outdoor,605
84,R5_NorthEast,outdoor,432
84,R6_SouthWest,outdoor,403
84,R1_London,gifting,349
84,R2_SouthEast,gifting,195
84,R3_Midlands,gifting,171
84,R4_NorthWest,gifting,160
84,R5_NorthEast,gifting,101
84,R6_SouthWest,gifting,106
85,R1_London,essentials,1136
85,R2_SouthEast,essentials,741
85,R3_Midlands,essentials,575
85,R4_NorthWest,essentials,591
85,R5_NorthEast,essentials,447
85,R6_SouthWest,essentials,378
85,R1_London,outdoor,1119
85,R2_SouthEast,outdoor,733
85,R3_Midlands,outdoor,653
85,R4_NorthWest,outdoor,567
85,R5_NorthEast,outdoor,396
85,R6_SouthWest,outdoor,411
85,R1_London,gifting,362
85,R2_SouthEast,gifting,213
85,R3_Midlands,gifting,198
85,R4_NorthWest,gifting,190
85,R5_NorthEast,gifting,143
85,R6_SouthWest,gifting,141
86,R1_London,essentials,1237
86,R2_SouthEast,essentials,747
86,R3_Midlands,essentials,657
86,R4_NorthWest,essentials,583
86,R5_NorthEast,essentials,427
86,R6_SouthWest,essentials,419
86,R1_London,outdoor,1158
86,R2_SouthEast,outdoor,701
86,R3_Midlands,outdoor,597
86,R4_NorthWest,outdoor,606
86,R5_NorthEast,outdoor,409
86,R6_SouthWest,outdoor,395
86,R1_London,gifting,447
86,R2_SouthEast,gifting,272
86,R3_Midlands,gifting,262
86,R4_NorthWest,gifting,204
86,R5_NorthEast,gifting,157
86,R6_SouthWest,gifting,166
87,R1_London,essentials,1162
87,R2_SouthEast,essentials,697
87,R3_Midlands,essentials,654
87,R4_NorthWest,essentials,610
87,R5_NorthEast,essentials,448
87,R6_SouthWest,essentials,394
87,R1_London,outdoor,1084
87,R2_SouthEast,outdoor,670
87,R3_Midlands,outdoor,584
87,R4_NorthWest,outdoor,562
87,R5_NorthEast,outdoor,432
87,R6_SouthWest,outdoor,375
87,R1_London,gifting,456
87,R2_SouthEast,gifting,298
87,R3_Midlands,gifting,264
87,R4_NorthWest,gifting,260
87,R5_NorthEast,gifting,192
87,R6_SouthWest,gifting,154
88,R1_London,essentials,1252
88,R2_SouthEast,essentials,670
88,R3_Midlands,essentials,637
88,R4_NorthWest,essentials,589
88,R5_NorthEast,essentials,433
88,R6_SouthWest,essentials,394
88,R1_London,outdoor,1049
88,R2_SouthEast,outdoor,611
88,R3_Midlands,outdoor,601
88,R4_NorthWest,outdoor,512
88,R5_NorthEast,outdoor,419
88,R6_SouthWest,outdoor,340
88,R1_London,gifting,530
88,R2_SouthEast,gifting,325
88,R3_Midlands,gifting,287
88,R4_NorthWest,gifting,266
88,R5_NorthEast,gifting,215
88,R6_SouthWest,gifting,177
89,R1_London,essentials,1206
89,R2_SouthEast,essentials,757
89,R3_Midlands,essentials,650
89,R4_NorthWest,essentials,589
89,R5_NorthEast,essentials,441
89,R6_SouthWest,essentials,416
89,R1_London,outdoor,975
89,R2_SouthEast,outdoor,635
89,R3_Midlands,outdoor,533
89,R4_NorthWest,outdoor,545
89,R5_NorthEast,outdoor,380
89,R6_SouthWest,outdoor,305
89,R1_London,gifting,605
89,R2_SouthEast,gifting,367
89,R3_Midlands,gifting,353
89,R4_NorthWest,gifting,330
89,R5_NorthEast,gifting,237
89,R6_SouthWest,gifting,233
90,R1_London,essentials,1257
90,R2_SouthEast,essentials,778
90,R3_Midlands,essentials,690
90,R4_NorthWest,essentials,688
90,R5_NorthEast,essentials,469
90,R6_SouthWest,essentials,454
90,R1_London,outdoor,989
90,R2_SouthEast,outdoor,571
90,R3_Midlands,outdoor,546
90,R4_NorthWest,outdoor,471
90,R5_NorthEast,outdoor,383
90,R6_SouthWest,outdoor,298
90,R1_London,gifting,664
90,R2_SouthEast,gifting,399
90,R3_Midlands,gifting,333
90,R4_NorthWest,gifting,340
90,R5_NorthEast,gifting,249
90,R6_SouthWest,gifting,217
91,R1_London,essentials,1322
91,R2_SouthEast,essentials,710
91,R3_Midlands,essentials,617
91,R4_NorthWest,essentials,630
91,R5_NorthEast,essentials,471
91,R6_SouthWest,essentials,430
91,R1_London,outdoor,964
91,R2_SouthEast,outdoor,576
91,R3_Midlands,outdoor,462
91,R4_NorthWest,outdoor,509
91,R5_NorthEast,outdoor,345
91,R6_SouthWest,outdoor,358
91,R1_London,gifting,739
91,R2_SouthEast,gifting,432
91,R3_Midlands,gifting,404
91,R4_NorthWest,gifting,384
91,R5_NorthEast,gifting,271
91,R6_SouthWest,gifting,242
92,R1_London,essentials,1290
92,R2_SouthEast,essentials,818
92,R3_Midlands,essentials,684
92,R4_NorthWest,essentials,641
92,R5_NorthEast,essentials,463
92,R6_SouthWest,essentials,420
92,R1_London,outdoor,904
92,R2_SouthEast,outdoor,552
92,R3_Midlands,outdoor,476
92,R4_NorthWest,outdoor,458
92,R5_NorthEast,outdoor,313
92,R6_SouthWest,outdoor,329
92,R1_London,gifting,816
92,R2_SouthEast,gifting,485
92,R3_Midlands,gifting,423
92,R4_NorthWest,gifting,420
92,R5_NorthEast,gifting,316
92,R6_SouthWest,gifting,282
93,R1_London,essentials,1305
93,R2_SouthEast,essentials,845
93,R3_Midlands,essentials,706
93,R4_NorthWest,essentials,624
93,R5_NorthEast,essentials,468
93,R6_SouthWest,essentials,422
93,R1_London,outdoor,846
93,R2_SouthEast,outdoor,524
93,R3_Midlands,outdoor,459
93,R4_NorthWest,outdoor,417
93,R5_NorthEast,outdoor,316
93,R6_SouthWest,outdoor,316
93,R1_London,gifting,888
93,R2_SouthEast,gifting,537
93,R3_Midlands,gifting,462
93,R4_NorthWest,gifting,411
93,R5_NorthEast,gifting,335
93,R6_SouthWest,gifting,305
94,R1_London,essentials,1432
94,R2_SouthEast,essentials,835
94,R3_Midlands,essentials,664
94,R4_NorthWest,essentials,654
94,R5_NorthEast,essentials,518
94,R6_SouthWest,essentials,423
94,R1_London,outdoor,750
94,R2_SouthEast,outdoor,445
94,R3_Midlands,outdoor,431
94,R4_NorthWest,outdoor,386
94,R5_NorthEast,outdoor,305
94,R6_SouthWest,outdoor,264
94,R1_London,gifting,945
94,R2_SouthEast,gifting,597
94,R3_Midlands,gifting,497
94,R4_NorthWest,gifting,473
94,R5_NorthEast,gifting,355
94,R6_SouthWest,gifting,299
95,R1_London,essentials,1305
95,R2_SouthEast,essentials,767
95,R3_Midlands,essentials,708
95,R4_NorthWest,essentials,629
95,R5_NorthEast,essentials,486
95,R6_SouthWest,essentials,441
95,R1_London,outdoor,734
95,R2_SouthEast,outdoor,431
95,R3_Midlands,outdoor,391
95,R4_NorthWest,outdoor,332
95,R5_NorthEast,outdoor,253
95,R6_SouthWest,outdoor,228
95,R1_London,gifting,974
95,R2_SouthEast,gifting,634
95,R3_Midlands,gifting,530
95,R4_NorthWest,gifting,549
95,R5_NorthEast,gifting,332
95,R6_SouthWest,gifting,307
96,R1_London,essentials,1318
96,R2_SouthEast,essentials,819
96,R3_Midlands,essentials,701
96,R4_NorthWest,essentials,669
96,R5_NorthEast,essentials,486
96,R6_SouthWest,essentials,496
96,R1_London,outdoor,685
96,R2_SouthEast,outdoor,374
96,R3_Midlands,outdoor,324
96,R4_NorthWest,outdoor,341
96,R5_NorthEast,outdoor,225
96,R6_SouthWest,outdoor,231
96,R1_London,gifting,1045
96,R2_SouthEast,gifting,612
96,R3_Midlands,gifting,523
96,R4_NorthWest,gifting,510
96,R5_NorthEast,gifting,357
96,R6_SouthWest,gifting,343
97,R1_London,essentials,1377
97,R2_SouthEast,essentials,846
97,R3_Midlands,essentials,725
97,R4_NorthWest,essentials,676
97,R5_NorthEast,essentials,471
97,R6_SouthWest,essentials,436
97,R1_London,outdoor,681
97,R2_SouthEast,outdoor,384
97,R3_Midlands,outdoor,324
97,R4_NorthWest,outdoor,288
97,R5_NorthEast,outdoor,219
97,R6_SouthWest,outdoor,203
97,R1_London,gifting,1120
97,R2_SouthEast,gifting,662
97,R3_Midlands,gifting,590
97,R4_NorthWest,gifting,562
97,R5_NorthEast,gifting,378
97,R6_SouthWest,gifting,358
98,R1_London,essentials,1355
98,R2_SouthEast,essentials,816
98,R3_Midlands,essentials,728
98,R4_NorthWest,essentials,663
98,R5_NorthEast,essentials,493
98,R6_SouthWest,essentials,504
98,R1_London,outdoor,590
98,R2_SouthEast,outdoor,372
98,R3_Midlands,outdoor,308
98,R4_NorthWest,outdoor,274
98,R5_NorthEast,outdoor,195
98,R6_SouthWest,outdoor,186
98,R1_London,gifting,1203
98,R2_SouthEast,gifting,681
98,R3_Midlands,gifting,607
98,R4_NorthWest,gifting,585
98,R5_NorthEast,gifting,397
98,R6_SouthWest,gifting,375
99,R1_London,essentials,1408
99,R2_SouthEast,essentials,833
99,R3_Midlands,essentials,740
99,R4_NorthWest,essentials,643
99,R5_NorthEast,essentials,473
99,R6_SouthWest,essentials,485
99,R1_London,outdoor,522
99,R2_SouthEast,outdoor,330
99,R3_Midlands,outdoor,299
99,R4_NorthWest,outdoor,261
99,R5_NorthEast,outdoor,201
99,R6_SouthWest,outdoor,202
99,R1_London,gifting,1207
99,R2_SouthEast,gifting,755
99,R3_Midlands,gifting,619
99,R4_NorthWest,gifting,613
99,R5_NorthEast,gifting,452
99,R6_SouthWest,gifting,400
100,R1_London,essentials,1375
100,R2_SouthEast,essentials,878
100,R3_Midlands,essentials,745
100,R4_NorthWest,essentials,716
100,R5_NorthEast,essentials,507
100,R6_SouthWest,essentials,466
100,R1_London,outdoor,502
100,R2_SouthEast,outdoor,312
100,R3_Midlands,outdoor,262
100,R4_NorthWest,outdoor,250
100,R5_NorthEast,outdoor,181
100,R6_SouthWest,outdoor,157
100,R1_London,gifting,1208
100,R2_SouthEast,gifting,735
100,R3_Midlands,gifting,688
100,R4_NorthWest,gifting,604
100,R5_NorthEast,gifting,447
100,R6_SouthWest,gifting,430
101,R1_London,essentials,1422
101,R2_SouthEast,essentials,847
101,R3_Midlands,essentials,775
101,R4_NorthWest,essentials,715
101,R5_NorthEast,essentials,531
101,R6_SouthWest,essentials,482
101,R1_London,outdoor,502
101,R2_SouthEast,outdoor,254
101,R3_Midlands,outdoor,219
101,R4_NorthWest,outdoor,206
101,R5_NorthEast,outdoor,172
101,R6_SouthWest,outdoor,147
101,R1_London,gifting,1188
101,R2_SouthEast,gifting,713
101,R3_Midlands,gifting,635
101,R4_NorthWest,gifting,581
101,R5_NorthEast,gifting,469
101,R6_SouthWest,gifting,392
102,R1_London,essentials,1412
102,R2_SouthEast,essentials,867
102,R3_Midlands,essentials,752
102,R4_NorthWest,essentials,714
102,R5_NorthEast,essentials,532
102,R6_SouthWest,essentials,450
102,R1_London,outdoor,423
102,R2_SouthEast,outdoor,246
102,R3_Midlands,outdoor,236
102,R4_NorthWest,outdoor,219
102,R5_NorthEast,outdoor,205
102,R6_SouthWest,outdoor,153
102,R1_London,gifting,1183
102,R2_SouthEast,gifting,741
102,R3_Midlands,gifting,669
102,R4_NorthWest,gifting,647
102,R5_NorthEast,gifting,457
102,R6_SouthWest,gifting,430
103,R1_London,essentials,1471
103,R2_SouthEast,essentials,827
103,R3_Midlands,essentials,748
103,R4_NorthWest,essentials,686
103,R5_NorthEast,essentials,549
103,R6_SouthWest,essentials,529
103,R1_London,outdoor,393
103,R2_SouthEast,outdoor,252
103,R3_Midlands,outdoor,213
103,R4_NorthWest,outdoor,216
103,R5_NorthEast,outdoor,161
103,R6_SouthWest,outdoor,125
103,R1_London,gifting,1246
103,R2_SouthEast,gifting,736
103,R3_Midlands,gifting,678
103,R4_NorthWest,gifting,665
103,R5_NorthEast,gifting,495
103,R6_SouthWest,gifting,384
104,R1_London,essentials,1365
104,R2_SouthEast,essentials,889
104,R3_Midlands,essentials,760
104,R4_NorthWest,essentials,719
104,R5_NorthEast,essentials,524
104,R6_SouthWest,essentials,481
104,R1_London,outdoor,425
104,R2_SouthEast,outdoor,232
104,R3_Midlands,outdoor,195
104,R4_NorthWest,outdoor,219
104,R5_NorthEast,outdoor,156
104,R6_SouthWest,outdoor,140
104,R1_London,gifting,1266
104,R2_SouthEast,gifting,726
104,R3_Midlands,gifting,615
104,R4_NorthWest,gifting,589
104,R5_NorthEast,gifting,419
104,R6_SouthWest,gifting,441
